abstained,answer_version,case,category,citation_retention,citations,cite_hits,claims,distinct_cover,earliest_ok_chunk,early_retrieval,end_t,expected_intent,fabricated,final_action,first_retrieve_chunk,gold_intents,llm_tokens,needs_retrieval,num_chunks,num_subqueries,predicted_intent,premature_retrieval,prev_version,provisional_calls,recall3_hits,recall_hits,rerank_ms,researched_prior_subqueries,retrieval_calls,retrieval_lead_s,retrieval_ms,reused_subqueries,search_ms,sub_queries,superseded_cited,supported_claims,synth_ms,system,trace_complete,ttft_s,turn,turn_latency_s,utterance_end_lag_s
,1,h_economy_rule,single,,DOC_01:S2 DOC_01:S3,1,2,,2,False,6.5,new_request,0,RETRIEVE,,1,0,True,3,1,n/a,,,0,1,1,0.0,0,1,0.0,12.97,0,12.97,"I'm flying to Tokyo for a client meeting, what are the rules on economy class?",0,2,0.41,baseline,True,0.0141,0,0.0141,0.01
,1,h_speeding_ticket,single,,DOC_01:S3 DOC_01:S5,1,2,,1,False,6.9,new_request,0,RETRIEVE,,1,0,True,4,1,n/a,,,0,1,1,0.0,0,1,0.0,15.41,0,15.41,"What happens if I get a speeding ticket on a business trip, will I be reimbursed?",0,2,0.32,baseline,True,0.0165,0,0.0165,0.001
,1,h_minibar,single,,DOC_01:S2 DOC_01:S5,1,2,,1,False,4.1,new_request,0,RETRIEVE,,1,0,True,3,1,n/a,,,0,1,1,0.0,0,1,0.0,13.48,0,13.48,Can someone reimburse the minibar charges from my hotel?,0,2,0.67,baseline,True,0.0153,0,0.0153,0.0034
,1,h_lost_taxi_receipt,single,,,0,0,,0,False,5.7,new_request,0,RETRIEVE,,1,0,True,3,1,n/a,,,0,1,1,0.0,0,1,0.0,12.56,0,12.56,"I lost a taxi receipt worth about twenty dollars, what can I do?",0,0,0.21,baseline,True,0.0135,0,0.0135,0.0055
,1,h_baner_biggest_room,single,,DOC_03:S3 DOC_15:S2,1,2,,2,False,4.5,new_request,0,RETRIEVE,,1,0,True,3,1,n/a,,,0,1,1,0.0,0,1,0.0,10.27,0,10.27,How big is the biggest room at the Baner centre?,0,2,0.27,baseline,True,0.0116,0,0.0116,0.0112
,1,h_koregaon_wheelchair,single,,DOC_03:S2,1,2,,0,False,3.7,new_request,0,RETRIEVE,,1,0,True,2,1,n/a,,,0,1,1,0.0,0,1,0.0,13.31,0,13.31,Is the Koregaon venue accessible for wheelchair users?,0,2,0.54,baseline,True,0.015,0,0.0151,0.0025
,1,h_baner_deposit,single,,DOC_03:S3,1,2,,1,False,5.3,new_request,0,RETRIEVE,,1,0,True,3,1,n/a,,,0,1,1,0.0,0,1,0.0,26.12,0,26.12,Do we need to pay a deposit when booking Baner Conference Centre?,0,2,0.6,baseline,True,0.0286,0,0.0286,0.0156
,1,h_internal_food_budget,single,,DOC_06:S2,1,2,,1,False,6.5,new_request,0,RETRIEVE,,1,0,True,3,1,n/a,,,0,1,1,0.0,0,1,0.0,11.87,0,11.87,How much does the company spend on food per person for an internal team event?,0,2,0.31,baseline,True,0.0131,0,0.0131,0.0035
,1,h_vegetarian,single,,DOC_06:S3,1,2,,0,False,3.7,new_request,0,RETRIEVE,,1,0,True,3,1,n/a,,,0,1,1,0.0,0,1,0.0,9.49,0,9.49,Is vegetarian food always included in catering orders?,0,2,0.25,baseline,True,0.0105,0,0.0105,0.0019
,1,h_legal_review,single,,DOC_08:S2,1,2,,1,False,6.1,new_request,0,RETRIEVE,,1,0,True,3,1,n/a,,,0,1,1,0.0,0,1,0.0,12.53,0,12.53,Does a customer workshop that sponsors customer travel need legal to look at it?,0,2,0.24,baseline,True,0.0136,0,0.0136,0.0003
,1,h_feedback_survey,single,,DOC_08:S4,1,2,,0,False,4.5,new_request,0,RETRIEVE,,1,0,True,2,1,n/a,,,0,1,1,0.0,0,1,0.0,16.74,0,16.74,When should the feedback survey go out after a workshop?,0,2,0.36,baseline,True,0.0186,0,0.0186,0.0147
,1,h_rejected_claim,single,,DOC_09:S2 DOC_09:S4,1,2,,0,False,5.7,new_request,0,RETRIEVE,,1,0,True,3,1,n/a,,,0,1,1,0.0,0,1,0.0,14.19,0,14.19,"If my claim gets rejected, can I fix it and send it again?",0,2,0.23,baseline,True,0.0151,0,0.0151,0.0118
,1,h_audit_share,single,,DOC_09:S2 DOC_09:S4,1,2,,1,False,4.1,new_request,0,RETRIEVE,,1,0,True,3,1,n/a,,,0,1,1,0.0,0,1,0.0,10.88,0,10.88,What percentage of claims does Finance audit every month?,0,2,0.39,baseline,True,0.0124,0,0.0125,0.0128
,1,h_unreconciled,single,,DOC_10:S3,1,2,,1,False,4.9,new_request,0,RETRIEVE,,1,0,True,3,1,n/a,,,0,1,1,0.0,0,1,0.0,35.57,0,35.57,What happens if my card transactions stay unreconciled for two months?,0,2,0.78,baseline,True,0.0383,0,0.0384,0.0162
,1,h_rollover_days,single,,DOC_11:S1,1,2,,0,False,4.5,new_request,0,RETRIEVE,,1,0,True,2,1,n/a,,,0,1,1,0.0,0,1,0.0,15.6,0,15.6,How many unused leave days roll over into next year?,0,2,0.4,baseline,True,0.0172,0,0.0172,0.0153
,1,h_non_eng_laptop,single,,DOC_12:S1,1,1,,1,False,5.3,new_request,0,RETRIEVE,,1,0,True,3,1,n/a,,,0,1,1,0.0,0,1,0.0,14.19,0,14.19,How much memory will my laptop have if I'm not in engineering?,0,1,0.25,baseline,True,0.0155,0,0.0155,0.0085
,1,h_stolen_phone,single,,DOC_12:S3 DOC_14:S3,1,2,,1,False,5.7,new_request,0,RETRIEVE,,1,0,True,3,1,n/a,,,0,1,1,0.0,0,1,0.0,14.1,0,14.1,How soon do I need to tell IT that my device was stolen?,0,2,0.39,baseline,True,0.0157,0,0.0157,0.0138
,1,h_probation_wfh,single,,DOC_13:S1 DOC_13:S3,1,2,,1,False,4.1,new_request,0,RETRIEVE,,1,0,True,3,1,n/a,,,0,1,1,0.0,0,1,0.0,11.01,0,11.01,Can new hires still on probation work from home?,0,2,0.4,baseline,True,0.0126,0,0.0126,0.0005
,1,h_personal_laptop,single,,DOC_14:S2,1,2,,1,False,4.9,new_request,0,RETRIEVE,,1,0,True,3,1,n/a,,,0,1,1,0.0,0,1,0.0,12.05,0,12.05,Is it okay to copy confidential files onto my personal laptop?,0,2,0.49,baseline,True,0.0135,0,0.0135,0.0125
,1,h_long_booking,single,,DOC_15:S1,1,2,,0,False,6.1,new_request,0,RETRIEVE,,1,0,True,3,1,n/a,,,0,1,1,0.0,0,1,0.0,11.27,0,11.27,How long can a meeting room be booked before facilities needs to approve it?,0,2,0.49,baseline,True,0.013,0,0.013,0.0065
,1,h_late_checkin,single,,DOC_15:S1 DOC_15:S3,1,2,,0,False,6.1,new_request,0,RETRIEVE,,1,0,True,3,1,n/a,,,0,1,1,0.0,0,1,0.0,13.44,0,13.44,How long is a booked meeting room held if we're late to check in?,0,2,0.5,baseline,True,0.0153,0,0.0153,0.0139
,1,h_guest_accompany,single,,DOC_16:S1 DOC_16:S3,1,2,,1,False,4.5,new_request,0,RETRIEVE,,1,0,True,3,1,n/a,,,0,1,1,0.0,0,1,0.0,9.95,0,9.95,Do customer guests have to be accompanied inside secure areas?,0,2,0.4,baseline,True,0.0114,0,0.0114,0.0015
,1,h_short_parental,single_short,,DOC_11:S1 DOC_11:S3,1,2,,,False,1.3,new_request,0,RETRIEVE,,1,0,True,1,1,n/a,,,0,1,1,0.0,0,1,0.0,12.52,0,12.52,Parental leave?,0,2,0.18,baseline,True,0.0136,0,0.0136,0.0153
,1,h_short_stolen,single_short,,DOC_12:S2 DOC_12:S3,1,2,,,False,1.3,new_request,0,RETRIEVE,,1,0,True,1,1,n/a,,,0,1,1,0.0,0,1,0.0,13.79,0,13.79,Laptop stolen?,0,2,0.32,baseline,True,0.0153,0,0.0153,0.0114
,1,h_long_rambling,single_long,,DOC_01:S4 DOC_06:S4,1,2,,3,False,16.1,new_request,0,RETRIEVE,,1,0,True,4,1,n/a,,,0,1,1,0.0,0,1,0.0,21.17,0,21.17,"Okay so my team lead is out this week and I'm covering, and there's this whole mess with the quarterly numbers, but what I actually need to know is how many days ahead I should book a domestic flight.",0,2,0.95,baseline,True,0.0234,0,0.0234,0.0141
,1,h_ambiguous_approval,ambiguous,,,0,0,,,False,2.5,new_request,0,RETRIEVE,,1,0,True,2,1,n/a,,,0,1,1,0.0,0,1,0.0,14.01,0,14.01,What's the approval I need?,0,0,0.2,baseline,True,0.0156,0,0.0156,0.0148
,1,h_para_venue_closes,paraphrase,,DOC_05:S2 DOC_05:S4,1,2,,0,False,5.7,new_request,0,RETRIEVE,,1,0,True,2,1,n/a,,,0,1,1,0.0,0,1,0.0,13.76,0,13.76,"If the venue itself closes down, do we still get our money back?",0,2,0.46,baseline,True,0.0154,0,0.0154,0.0075
,1,h_para_move_date,paraphrase,,DOC_05:S5,0,2,,0,False,4.9,new_request,0,RETRIEVE,,1,0,True,2,1,n/a,,,0,1,1,0.0,0,1,0.0,12.89,0,12.89,Can we move the event date instead of cancelling it outright?,0,2,0.42,baseline,True,0.0144,0,0.0145,0.0091
,1,h_conflict_filing_window,contradictory,,DOC_01:S2,1,2,,1,False,6.5,new_request,0,RETRIEVE,,1,0,True,3,1,n/a,,,0,1,1,0.0,0,1,0.0,14.49,0,14.49,How much time do I have to file expenses after coming back from a trip?,0,2,1.0,baseline,True,0.0171,0,0.0172,0.0042
,1,h_conflict_late_signoff,contradictory,,,0,0,,1,False,5.3,new_request,0,RETRIEVE,,1,0,True,3,1,n/a,,,0,1,1,0.0,0,1,0.0,12.46,0,12.46,Who signs off on a flight booked after the trip already happened?,0,0,0.25,baseline,True,0.0137,0,0.0137,0.0014
,1,h_duplicate_outside_caterer,duplicate,,DOC_07:S1 DOC_07:S2,1,2,,0,False,6.1,new_request,0,RETRIEVE,,1,0,True,2,1,n/a,,,0,1,1,0.0,0,1,0.0,11.7,0,11.7,"Can we hire an outside caterer, or must we use the venue's own kitchen?",0,2,0.32,baseline,True,0.0129,0,0.013,0.0032
,1,h_c_training_day,compound,,DOC_03:S2 DOC_03:S5,2,2,False,0,False,9.3,new_request,0,RETRIEVE,,2,0,True,4,1,n/a,,,0,2,2,0.0,0,1,0.0,15.82,0,15.82,"For a training day in Pune with about 50 people, which venue fits, and how early do I need to request it?",0,2,0.74,baseline,True,0.0176,0,0.0177,0.0029
,1,h_c_card,compound,,DOC_10:S2,1,2,False,0,False,9.7,new_request,0,RETRIEVE,,2,0,True,3,1,n/a,,,0,2,2,0.0,0,1,0.0,17.87,0,17.87,"Who qualifies for a company credit card, and is there a ceiling on money I can take out at ATMs on international trips?",0,2,0.83,baseline,True,0.0199,0,0.0199,0.0139
,1,h_c_claims_pay_fx,compound,,DOC_01:S3 DOC_09:S3,1,2,False,0,False,6.5,new_request,0,RETRIEVE,,2,0,True,3,1,n/a,,,0,1,2,0.0,0,1,0.0,14.18,0,14.18,"When are expense claims paid out, and at what exchange rate are foreign purchases converted?",0,2,0.57,baseline,True,0.0156,0,0.0156,0.0126
,1,h_c_security,compound,,DOC_14:S1 DOC_14:S2,1,2,False,0,False,7.3,new_request,0,RETRIEVE,,2,0,True,3,1,n/a,,,0,2,2,0.0,0,1,0.0,15.91,0,15.91,"How should confidential data be shared outside the company, and how fast must a breach be reported?",0,2,0.26,baseline,True,0.0169,0,0.0169,0.0101
,1,h_c_catering,compound,,DOC_06:S2 DOC_08:S2,1,2,False,0,False,8.1,new_request,0,RETRIEVE,,2,0,True,4,1,n/a,,,0,2,2,0.0,0,1,0.0,10.09,0,10.09,"What's the lead time for catering for 60 guests, and what's the per head budget for a customer workshop?",0,2,0.27,baseline,True,0.0112,0,0.0112,0.0133
,1,h_c_hinjewadi,compound,,DOC_03:S4,1,2,False,0,False,9.7,new_request,0,RETRIEVE,,2,0,True,4,1,n/a,,,0,2,2,0.0,0,1,0.0,11.54,0,11.54,"I'm planning a design sprint in Hinjewadi; can we serve hot lunch there, and what's the refund if we cancel three days before?",0,2,0.35,baseline,True,0.0127,0,0.0127,0.0001
,1,h_c_leave,compound,,DOC_11:S1 DOC_11:S3,2,2,False,1,False,8.5,new_request,0,RETRIEVE,,2,0,True,4,1,n/a,,,0,2,2,0.0,0,1,0.0,12.1,0,12.1,"How many weeks of leave does a secondary caregiver get, and how many annual leave days can I carry forward?",0,2,0.25,baseline,True,0.0135,0,0.0135,0.0088
,1,h_c_cross_doc,compound,,DOC_04:S1,0,2,False,0,False,6.5,new_request,0,RETRIEVE,,2,0,True,3,1,n/a,,,0,1,2,0.0,0,1,0.0,10.22,0,10.22,"Which Bengaluru venue seats 30, and do customer visitors need to be registered in advance?",0,2,0.23,baseline,True,0.0111,0,0.0112,0.006
False,1,h_c_partial,compound_partial,,DOC_01:S2 DOC_01:S3,1,2,,0,False,6.5,new_request,0,RETRIEVE,,1,0,True,3,1,n/a,,,0,1,1,0.0,0,1,0.0,9.59,0,9.59,"What's the international per diem, and which hotel chain do we have a discount with?",0,2,0.37,baseline,True,0.011,0,0.011,0.0138
,1,h_c_three,compound,,DOC_12:S2 DOC_13:S3,2,2,False,0,False,9.7,new_request,0,RETRIEVE,,3,0,True,3,1,n/a,,,0,3,3,0.0,0,1,0.0,9.88,0,9.88,"How long do laptops last before replacement, how much is the home office allowance, and can I work from abroad for three weeks?",0,2,0.26,baseline,True,0.0108,0,0.0109,0.0023
,1,h_r_flight_germany,refinement,,DOC_01:S4,1,2,,1,False,2.9,new_request,0,RETRIEVE,,1,0,True,2,1,n/a,,,0,1,1,0.0,0,1,0.0,7.6,0,7.6,What's the rule for booking flights?,0,2,0.25,baseline,True,0.0085,0,0.0085,0.0015
,2,h_r_flight_germany,refinement,1.0,DOC_01:S4,1,1,,,False,2.9,refinement,0,RETRIEVE,,1,0,True,2,1,n/a,,1,0,1,1,0.0,1,1,0.0,12.14,0,12.14,"What's the rule for booking flights? Oh, it's a flight to Germany.",0,1,10.37,baseline,True,0.0232,1,0.0232,0.0134
,1,h_r_seventy_attendees,refinement,,DOC_03:S1 DOC_03:S5,1,2,,0,False,4.5,new_request,0,RETRIEVE,,1,0,True,2,1,n/a,,,0,1,1,0.0,0,1,0.0,14.68,0,14.68,What venues can I use for an event in Pune?,0,2,0.9,baseline,True,0.0169,0,0.017,0.013
,2,h_r_seventy_attendees,refinement,0.5,DOC_03:S3 DOC_03:S5,1,2,,,False,2.5,refinement,0,RETRIEVE,,1,0,True,2,1,n/a,,1,0,1,1,0.0,1,1,0.0,12.57,0,12.57,What venues can I use for an event in Pune? We'll have around seventy attendees.,0,2,11.35,baseline,True,0.0248,1,0.0248,0.0084
,1,h_r_gluten,refinement,,DOC_06:S1 DOC_06:S4,1,2,,0,False,3.3,new_request,0,RETRIEVE,,1,0,True,2,1,n/a,,,0,1,1,0.0,0,1,0.0,10.59,0,10.59,How does catering work for our events?,0,2,0.24,baseline,True,0.0117,0,0.0117,0.0027
,2,h_r_gluten,refinement,0.0,DOC_06:S3,1,2,,,False,2.9,refinement,0,RETRIEVE,,1,0,True,2,1,n/a,,1,0,1,1,0.0,1,1,0.0,12.48,0,12.48,How does catering work for our events? A few guests are gluten intolerant.,0,2,12.24,baseline,True,0.0257,1,0.0258,0.0043
,1,h_r_dollars,refinement,,DOC_09:S1,0,2,,1,False,2.5,new_request,0,RETRIEVE,,1,0,True,2,1,n/a,,,0,1,1,0.0,0,1,0.0,17.71,0,17.71,Who approves my expense claim?,0,2,0.43,baseline,True,0.0196,0,0.0196,0.0016
,2,h_r_dollars,refinement,0.0,DOC_09:S4,0,1,,,False,3.3,refinement,0,RETRIEVE,,1,0,True,2,1,n/a,,1,0,0,1,0.0,1,1,0.0,13.95,0,13.95,Who approves my expense claim? Some of it was paid in dollars.,0,1,14.31,baseline,True,0.029,1,0.029,0.0003
,1,h_r_customer_data,refinement,,DOC_12:S2 DOC_12:S3,1,2,,1,False,3.3,new_request,0,RETRIEVE,,1,0,True,2,1,n/a,,,0,1,1,0.0,0,1,0.0,14.46,0,14.46,How do I report a lost laptop?,0,2,0.17,baseline,True,0.0156,0,0.0156,0.0004
,2,h_r_customer_data,refinement,0.5,DOC_12:S3,0,1,,,False,2.9,refinement,0,RETRIEVE,,1,0,True,2,1,n/a,,1,0,1,1,0.0,1,1,0.0,16.33,0,16.33,How do I report a lost laptop? It had customer data on it.,0,1,12.17,baseline,True,0.0296,1,0.0297,0.0124
,1,h_r_dubai,refinement,,DOC_13:S1 DOC_13:S3,1,2,,,False,2.1,new_request,0,RETRIEVE,,1,0,True,1,1,n/a,,,0,1,1,0.0,0,1,0.0,10.74,0,10.74,Can I work remotely?,0,2,0.17,baseline,True,0.0116,0,0.0117,0.0038
,2,h_r_dubai,refinement,0.0,,0,0,,,False,3.7,refinement,0,RETRIEVE,,1,0,True,2,1,n/a,,1,0,1,1,0.0,1,1,0.0,16.17,0,16.17,Can I work remotely? I'd be working from Dubai for a month.,0,0,12.06,baseline,True,0.0291,1,0.0291,0.0051
,1,h_r_twelve_days,refinement,,DOC_05:S2 DOC_05:S4,1,2,,1,False,5.7,new_request,0,RETRIEVE,,1,0,True,2,1,n/a,,,0,1,1,0.0,0,1,0.0,17.45,0,17.45,Tell me what money we lose when a venue booking is called off.,0,2,0.58,baseline,True,0.0192,0,0.0193,0.01
,2,h_r_twelve_days,refinement,0.0,,0,0,,,False,3.7,refinement,0,RETRIEVE,,1,0,True,2,1,n/a,,1,0,1,1,0.0,1,1,0.0,16.9,0,16.9,Tell me what money we lose when a venue booking is called off. It would be just under two weeks out.,0,0,13.72,baseline,True,0.0318,1,0.0318,0.0034
,1,h_s_one_line,suppression,,DOC_08:S3,1,2,,1,False,3.7,new_request,0,RETRIEVE,,1,0,True,2,1,n/a,,,0,1,1,0.0,0,1,0.0,12.74,0,12.74,What are the rules on customer attendee data?,0,2,0.23,baseline,True,0.0137,0,0.0137,0.0145
,2,h_s_one_line,suppression,,,0,0,,,False,2.5,presentation,0,RETRIEVE,,0,0,False,2,1,n/a,,,0,0,0,0.0,1,1,0.0,14.39,0,14.39,What are the rules on customer attendee data? Summarise that in one line.,0,0,9.84,baseline,True,0.0252,1,0.0252,0.0114
,1,h_s_list,suppression,,DOC_03:S2 DOC_15:S2,1,2,,,False,2.9,new_request,0,RETRIEVE,,1,0,True,1,1,n/a,,,0,1,1,0.0,0,1,0.0,12.03,0,12.03,What does the Koregaon hall offer?,0,2,0.42,baseline,True,0.0138,0,0.0138,0.0011
,2,h_s_list,suppression,,,0,0,,,False,3.7,presentation,0,RETRIEVE,,0,0,False,2,1,n/a,,,0,0,0,0.0,1,1,0.0,17.29,0,17.29,What does the Koregaon hall offer? Give me the key points as a list.,0,0,12.3,baseline,True,0.0308,1,0.0308,0.0082
,1,h_s_briefly,suppression,,DOC_09:S1 DOC_09:S4,0,2,,0,False,3.7,new_request,0,RETRIEVE,,1,0,True,2,1,n/a,,,0,1,1,0.0,0,1,0.0,11.7,0,11.7,How does the approval workflow for claims work?,0,2,0.21,baseline,True,0.0128,0,0.0128,0.0035
,2,h_s_briefly,suppression,,,0,0,,,False,2.9,presentation,0,RETRIEVE,,0,0,False,2,1,n/a,,,0,0,0,0.0,1,1,0.0,11.71,0,11.71,How does the approval workflow for claims work? Can you say that more briefly?,0,0,9.41,baseline,True,0.0223,1,0.0223,0.0024
,1,h_s_reword_customer,suppression,,DOC_01:S2,0,2,,1,False,3.7,new_request,0,RETRIEVE,,1,0,True,2,1,n/a,,,0,1,1,0.0,0,1,0.0,9.64,0,9.64,What can't I claim on a business trip?,0,2,0.6,baseline,True,0.0115,0,0.0115,0.0072
,2,h_s_reword_customer,suppression,,,0,0,,,False,3.7,presentation,0,RETRIEVE,,0,0,False,2,1,n/a,,,0,0,0,0.0,1,1,0.0,11.93,0,11.93,What can't I claim on a business trip? Reword that so a customer could understand it.,0,0,14.85,baseline,True,0.0279,1,0.0279,0.0011
,1,h_s_hear_again,suppression,,DOC_14:S1,1,2,,,False,2.5,new_request,0,RETRIEVE,,1,0,True,1,1,n/a,,,0,1,1,0.0,0,1,0.0,11.16,0,11.16,What are the data classes?,0,2,0.16,baseline,True,0.012,0,0.012,0.0096
,2,h_s_hear_again,suppression,,,0,0,,,False,3.3,presentation,0,RETRIEVE,,0,0,False,2,1,n/a,,,0,0,0,0.0,1,1,0.0,13.15,0,13.15,What are the data classes? Could I hear that one more time?,0,0,11.42,baseline,True,0.0258,1,0.0258,0.0007
,1,h_chitchat_thanks,chitchat,,,0,0,,,False,2.1,chitchat,0,RETRIEVE,,0,0,False,2,1,n/a,,,0,0,0,0.0,0,1,0.0,14.17,0,14.17,"Awesome, thanks a lot!",0,0,0.15,baseline,True,0.0156,0,0.0156,0.0065
,1,h_chitchat_morning,chitchat,,,0,0,,,False,2.5,chitchat,0,RETRIEVE,,0,0,False,2,1,n/a,,,0,0,0,0.0,0,1,0.0,15.04,0,15.04,Morning! How's your day going?,0,0,0.23,baseline,True,0.0168,0,0.0168,0.0102
,1,h_presentation_no_prior,suppression,,,0,0,,,False,3.3,presentation,0,RETRIEVE,,0,0,False,2,1,n/a,,,0,0,0,0.0,0,1,0.0,13.84,0,13.84,Turn your previous reply into a table.,0,0,0.28,baseline,True,0.0154,0,0.0154,0.0111
,1,h_switch_visitors,topic_switch,,DOC_11:S1 DOC_11:S2,1,2,,,False,3.3,new_request,0,RETRIEVE,,1,0,True,1,1,n/a,,,0,1,1,0.0,0,1,0.0,10.44,0,10.44,How much sick leave do I get?,0,2,0.18,baseline,True,0.0114,0,0.0114,0.0071
,2,h_switch_visitors,topic_switch,,DOC_11:S1 DOC_16:S1,1,2,,1,False,3.7,new_request,0,RETRIEVE,,1,0,True,2,1,n/a,,,0,1,1,0.0,1,1,0.0,12.27,0,12.27,"How much sick leave do I get? Different question, how early must visitors be registered?",0,2,10.26,baseline,True,0.0235,1,0.0235,0.0087
,1,h_switch_laptops,topic_switch,,DOC_03:S3 DOC_06:S1,1,2,,,False,3.7,new_request,0,RETRIEVE,,1,0,True,1,1,n/a,,,0,1,1,0.0,0,1,0.0,11.15,0,11.15,Which food vendors can we book in Pune?,0,2,0.52,baseline,True,0.0127,0,0.0128,0.0106
,2,h_switch_laptops,topic_switch,,,0,0,,1,False,4.5,new_request,0,RETRIEVE,,1,0,True,2,1,n/a,,,0,0,0,0.0,1,1,0.0,18.07,0,18.07,"Which food vendors can we book in Pune? Unrelated, after how many years do we get new computers?",0,0,13.26,baseline,True,0.0325,1,0.0325,0.0052
True,1,h_i_salary,insufficient,,,0,0,,,False,2.5,new_request,0,RETRIEVE,,0,0,True,2,1,n/a,,,0,0,0,0.0,0,1,0.0,12.98,0,12.98,What's the annual salary increment?,0,0,0.31,baseline,True,0.0145,0,0.0145,0.0078
False,1,h_i_coffee,insufficient,,DOC_06:S1 DOC_15:S2,0,2,,,False,3.7,new_request,0,RETRIEVE,,0,0,True,2,1,n/a,,,0,0,0,0.0,0,1,0.0,15.47,0,15.47,Is there free coffee in the Pune office?,0,2,0.75,baseline,True,0.0184,0,0.0184,0.0035
False,1,h_i_domestic_meals,insufficient,,DOC_01:S3 DOC_13:S2,0,2,,,False,3.7,new_request,0,RETRIEVE,,0,0,True,2,1,n/a,,,0,0,0,0.0,0,1,0.0,17.26,0,17.26,What is the meal allowance for domestic trips?,0,2,0.33,baseline,True,0.0186,0,0.0187,0.0152
True,1,h_i_events_head,insufficient,,,0,0,,,False,3.7,new_request,0,RETRIEVE,,0,0,True,2,1,n/a,,,0,0,0,0.0,0,1,0.0,11.15,0,11.15,Who is the head of the Events desk?,0,0,0.22,baseline,True,0.0125,0,0.0125,0.0142
False,1,h_i_baner_parking,insufficient,,DOC_03:S3,0,1,,,False,4.1,new_request,0,RETRIEVE,,0,0,True,2,1,n/a,,,0,0,0,0.0,0,1,0.0,17.07,0,17.07,How many parking spots does Baner Conference Centre have?,0,1,0.51,baseline,True,0.0189,0,0.0189,0.0033
,1,h_economy_rule,single,,DOC_01:S2,1,1,,2,True,6.5,new_request,0,RETRIEVE,2,1,0,True,3,1,new_request,False,,1,1,1,177.87,0,1,3.264,0.03,1,14.15,flying to Tokyo for a client meeting what are the rules on economy class,0,1,0.08,proposed,True,0.0014,0,0.0014,0.0075
,1,h_speeding_ticket,single,,DOC_01:S2 DOC_01:S5,1,2,,1,True,6.9,new_request,0,RETRIEVE,2,1,0,True,4,2,new_request,False,,2,1,1,315.85,0,2,3.6685,0.04,2,27.51,happens if I get a speeding ticket on a business trip | reimbursed,0,2,252.1,proposed,True,0.2543,0,0.2544,0.0097
,1,h_minibar,single,,DOC_01:S5 DOC_01:S2,1,2,,1,True,4.1,new_request,0,RETRIEVE,1,1,0,True,3,1,new_request,False,,2,1,1,340.44,0,2,3.2768,0.06,1,32.22,someone reimburse the minibar charges from my hotel,0,2,141.19,proposed,True,0.1437,0,0.1438,0.0133
,1,h_lost_taxi_receipt,single,,,0,0,,0,True,5.7,new_request,0,RETRIEVE,1,1,0,True,3,1,new_request,False,,1,1,1,174.81,0,1,3.6641,0.03,1,45.64,lost a taxi receipt worth about twenty dollars what can I do,0,0,105.15,proposed,True,0.1277,0,0.1277,0.0154
,1,h_baner_biggest_room,single,,DOC_03:S3,1,2,,2,True,4.5,new_request,0,RETRIEVE,2,1,0,True,3,1,new_request,False,,1,1,1,128.89,0,1,2.0749,0.03,1,14.49,big is the biggest room at the Baner centre,0,2,0.22,proposed,True,0.0021,0,0.0021,0.01
,1,h_koregaon_wheelchair,single,,DOC_03:S2,1,2,,0,True,3.7,new_request,0,RETRIEVE,0,1,0,True,2,1,new_request,False,,2,1,1,253.1,0,2,3.6699,0.07,1,34.15,Koregaon venue accessible for wheelchair users,0,2,0.48,proposed,True,0.0059,0,0.006,0.0012
,1,h_baner_deposit,single,,DOC_03:S3,1,2,,1,True,5.3,new_request,0,RETRIEVE,1,1,0,True,3,1,new_request,False,,2,1,1,282.73,0,2,3.28,0.04,1,26.76,pay a deposit when booking Baner Conference Centre,0,2,0.21,proposed,True,0.0024,0,0.0025,0.0066
,1,h_internal_food_budget,single,,DOC_06:S2,1,2,,1,True,6.5,new_request,0,RETRIEVE,1,1,0,True,3,1,new_request,False,,2,1,1,256.04,0,2,4.4708,0.05,1,28.39,much does the company spend on food per person for an internal team event,0,2,0.15,proposed,True,0.0022,0,0.0023,0.0004
,1,h_vegetarian,single,,DOC_06:S3,1,2,,0,True,3.7,new_request,0,RETRIEVE,0,1,0,True,3,1,new_request,False,,3,1,1,444.26,0,3,3.6792,0.08,1,39.7,vegetarian food always included in catering orders,0,2,0.18,proposed,True,0.0026,0,0.0026,0.0068
,1,h_legal_review,single,,DOC_08:S2,1,2,,1,True,6.1,new_request,0,RETRIEVE,0,1,0,True,3,1,new_request,True,,3,1,1,365.36,0,3,6.0802,0.07,1,42.34,customer workshop that sponsors customer travel need legal to look at it,0,2,0.44,proposed,True,0.0027,0,0.0028,0.0094
,1,h_feedback_survey,single,,DOC_08:S4,1,2,,0,True,4.5,new_request,0,RETRIEVE,0,1,0,True,2,1,new_request,False,,2,1,1,215.73,0,2,4.4929,0.04,1,22.02,feedback survey go out after a workshop,0,2,0.38,proposed,True,0.0041,0,0.0042,0.0128
,1,h_rejected_claim,single,,DOC_09:S4 DOC_09:S1,1,2,,0,True,5.7,new_request,0,RETRIEVE,1,1,0,True,3,1,new_request,False,,2,1,1,311.07,0,2,3.6708,0.09,1,29.35,claim gets rejected can I fix it send it again,0,2,0.18,proposed,True,0.0024,0,0.0025,0.0025
,1,h_audit_share,single,,DOC_09:S2 DOC_09:S4,1,2,,1,True,4.1,new_request,0,RETRIEVE,1,1,0,True,3,1,new_request,False,,2,1,1,312.95,0,2,2.4835,0.04,1,22.82,percentage of claims does Finance audit every month,0,2,0.1,proposed,True,0.0026,0,0.0027,0.008
,1,h_unreconciled,single,,DOC_10:S3,1,2,,1,True,4.9,new_request,0,RETRIEVE,1,1,0,True,3,1,new_request,False,,2,1,1,312.87,0,2,4.0702,0.05,1,27.43,happens if my card transactions stay unreconciled for two months,0,2,0.2,proposed,True,0.0025,0,0.0025,0.0049
,1,h_rollover_days,single,,DOC_11:S1,1,2,,0,True,4.5,new_request,0,RETRIEVE,0,1,0,True,2,1,new_request,False,,2,1,1,188.25,0,2,4.4861,0.07,1,27.04,many unused leave days roll over into next year,0,2,0.09,proposed,True,0.0016,0,0.0016,0.0137
,1,h_non_eng_laptop,single,,DOC_12:S1,1,1,,1,True,5.3,new_request,0,RETRIEVE,1,1,0,True,3,1,new_request,False,,2,1,1,100.44,0,2,4.0739,0.04,1,20.23,much memory will my laptop have if I'm not in engineering,0,1,0.07,proposed,True,0.0016,0,0.0017,0.0039
,1,h_stolen_phone,single,,DOC_12:S3,1,1,,1,True,5.7,new_request,0,RETRIEVE,2,1,0,True,3,1,new_request,False,,1,1,1,42.8,0,1,2.4862,0.02,1,9.1,soon do I need to tell IT that my device was stolen,0,1,0.05,proposed,True,0.0014,0,0.0014,0.0107
,1,h_probation_wfh,single,,,0,0,,1,True,4.1,new_request,0,RETRIEVE,1,1,0,True,3,1,new_request,False,,2,1,1,88.2,0,2,2.8844,0.04,1,16.25,new hires still on probation work from home,0,0,0.02,proposed,True,0.0014,0,0.0014,0.0036
,1,h_personal_laptop,single,,,0,0,,1,True,4.9,new_request,0,RETRIEVE,1,1,0,True,3,1,new_request,False,,2,1,1,110.08,0,2,2.8888,0.04,1,18.04,copy confidential files onto my personal laptop,0,0,0.02,proposed,True,0.0018,0,0.0018,0.0141
,1,h_long_booking,single,,DOC_15:S1 DOC_15:S3,1,2,,0,True,6.1,new_request,0,RETRIEVE,0,1,0,True,3,1,new_request,False,,3,1,1,225.05,0,3,6.0862,0.09,1,28.77,long can a meeting room be booked before facilities needs to approve it,0,2,0.09,proposed,True,0.0015,0,0.0015,0.0075
,1,h_late_checkin,single,,DOC_15:S1 DOC_15:S3,1,2,,0,True,6.1,new_request,0,RETRIEVE,0,1,0,True,3,1,new_request,False,,3,1,1,224.21,0,3,6.0851,0.06,1,26.95,long is a booked meeting room held if we're late to check in,0,2,0.19,proposed,True,0.0018,0,0.0019,0.0028
,1,h_guest_accompany,single,,DOC_16:S3 DOC_16:S1,1,2,,1,True,4.5,new_request,0,RETRIEVE,0,1,0,True,3,1,new_request,True,,2,1,1,110.41,0,2,4.4872,0.04,1,19.14,customer guests have to be accompanied inside secure areas,0,2,0.09,proposed,True,0.0016,0,0.0016,0.0047
,1,h_short_parental,single_short,,DOC_11:S3 DOC_11:S2,1,2,,,True,1.3,new_request,0,RETRIEVE,0,1,0,True,1,1,new_request,,,1,1,1,53.47,0,1,1.2893,0.02,1,9.83,Parental leave,0,2,0.1,proposed,True,0.0013,0,0.0013,0.0085
,1,h_short_stolen,single_short,,,0,0,,,True,1.3,new_request,0,RETRIEVE,0,1,0,True,1,1,new_request,,,1,1,1,49.55,0,1,1.2935,0.02,1,7.92,Laptop stolen,0,0,0.01,proposed,True,0.0013,0,0.0013,0.009
,1,h_long_rambling,single_long,,DOC_01:S4 DOC_03:S5,1,2,,3,True,16.1,new_request,0,RETRIEVE,0,1,0,True,4,1,new_request,True,,2,1,1,150.78,0,2,16.0951,0.04,1,22.37,team lead is out this week I'm covering there's this whole mess with the quarterly numbers what I actually need to know is how many days ahead I should book a domestic flight,0,2,0.14,proposed,True,0.0016,0,0.0016,0.0151
,1,h_ambiguous_approval,ambiguous,,,0,0,,,False,2.5,new_request,0,RETRIEVE,,1,0,True,2,1,new_request,,,0,1,1,67.76,0,1,-0.0102,0.02,0,9.3,approval I need,0,0,24.29,proposed,True,0.103,0,0.103,0.0066
,1,h_para_venue_closes,paraphrase,,,0,0,,0,False,5.7,new_request,0,RETRIEVE,,1,0,True,2,1,new_request,False,,0,1,1,59.63,0,1,-0.0106,0.02,0,9.92,venue itself closes down do we still get our money back,0,0,30.09,proposed,True,0.101,0,0.101,0.0009
,1,h_para_move_date,paraphrase,,DOC_05:S3 DOC_05:S5,1,2,,0,True,4.9,new_request,0,RETRIEVE,0,1,0,True,2,1,new_request,False,,2,1,1,114.39,0,2,4.8883,0.04,1,17.31,move the event date instead of cancelling it outright,0,2,0.11,proposed,True,0.0015,0,0.0016,0.004
,1,h_conflict_filing_window,contradictory,,DOC_01:S2,1,2,,1,True,6.5,new_request,0,RETRIEVE,1,1,0,True,3,1,new_request,False,,2,1,1,222.59,0,2,4.0599,0.07,1,27.65,much time do I have to file expenses after coming back from a trip,0,2,92.81,proposed,True,0.0942,0,0.0943,0.005
,1,h_conflict_late_signoff,contradictory,,,0,0,,1,True,5.3,new_request,0,RETRIEVE,1,1,0,True,3,1,new_request,False,,2,1,1,356.71,0,2,4.051,0.09,1,38.0,signs off on a flight booked after the trip already happened,0,0,134.27,proposed,True,0.1363,0,0.1363,0.0067
,1,h_duplicate_outside_caterer,duplicate,,DOC_07:S2 DOC_07:S1 DOC_03:S2,1,4,,0,True,6.1,new_request,0,RETRIEVE,0,1,0,True,2,2,new_request,False,,2,1,1,249.57,0,2,6.0711,0.05,2,26.72,hire an outside caterer | use the venue's own kitchen,0,4,137.11,proposed,True,0.14,0,0.1401,0.0009
,1,h_c_training_day,compound,,,0,0,False,0,True,9.3,new_request,0,RETRIEVE,1,2,0,True,4,1,new_request,False,,3,2,2,352.89,0,3,6.8689,0.15,1,63.61,training day in Pune with about 50 people which venue fits and how early do I need to request it,0,0,0.01,proposed,True,0.0015,0,0.0015,0.0093
,1,h_c_card,compound,,,0,0,True,0,True,9.7,new_request,0,RETRIEVE,0,2,0,True,3,2,new_request,False,,2,2,2,328.62,0,2,9.6882,0.05,2,24.09,qualifies for a company credit card | ceiling on money I can take out at ATMs on international trips,0,0,128.12,proposed,True,0.1309,0,0.1309,0.0117
,1,h_c_claims_pay_fx,compound,,DOC_09:S3,1,1,False,0,True,6.5,new_request,0,RETRIEVE,0,2,0,True,3,1,new_request,False,,3,2,2,486.51,0,3,6.4704,0.08,1,42.52,expense claims paid out at what exchange rate are foreign purchases converted,0,1,0.19,proposed,True,0.0034,0,0.0035,0.0018
,1,h_c_security,compound,,DOC_14:S2 DOC_14:S1,1,2,True,0,True,7.3,new_request,0,RETRIEVE,0,2,0,True,3,2,new_request,False,,3,2,2,310.33,0,3,7.273,0.1,2,36.6,confidential data be shared outside the company | fast must a breach be reported Confidential,0,2,0.19,proposed,True,0.0034,0,0.0035,0.0014
,1,h_c_catering,compound,,DOC_06:S4 DOC_06:S2 DOC_08:S2,2,4,True,0,True,8.1,new_request,0,RETRIEVE,0,2,0,True,4,2,new_request,False,,4,2,2,442.82,0,4,8.0901,0.1,2,49.04,lead time for catering for 60 guests | per head budget for a customer workshop,0,4,0.28,proposed,True,0.0019,0,0.0019,0.012
,1,h_c_hinjewadi,compound,,DOC_03:S4 DOC_05:S3 DOC_05:S2,2,4,True,0,True,9.7,new_request,0,RETRIEVE,1,2,0,True,4,2,new_request,False,,3,2,2,411.29,0,3,6.8768,0.09,2,38.36,planning a design sprint in Hinjewadi can we serve hot lunch there | refund if we cancel three days before,0,4,0.8,proposed,True,0.0043,0,0.0044,0.0144
,1,h_c_leave,compound,,DOC_11:S3 DOC_11:S1 DOC_11:S2,2,4,True,1,True,8.5,new_request,0,RETRIEVE,0,2,0,True,4,2,new_request,True,,4,2,2,507.84,0,4,8.4793,0.09,2,53.42,many weeks of leave does a secondary caregiver get | many annual leave days can I carry forward,0,4,0.53,proposed,True,0.0031,0,0.0032,0.007
,1,h_c_cross_doc,compound,,DOC_04:S2 DOC_04:S3 DOC_16:S1 DOC_08:S3,2,4,True,0,True,6.5,new_request,0,RETRIEVE,0,2,0,True,3,2,new_request,False,,3,2,2,225.31,0,3,6.4924,0.12,2,35.58,Bengaluru venue seats 30 | customer visitors need to be registered in advance Bengaluru,0,4,0.24,proposed,True,0.0029,0,0.0029,0.0158
True,1,h_c_partial,compound_partial,,DOC_01:S3 DOC_10:S2,1,2,,0,True,6.5,new_request,0,RETRIEVE,0,1,0,True,3,2,new_request,False,,2,1,1,295.52,0,2,6.4691,0.04,2,39.75,international per diem | hotel chain do we have a discount with,0,2,83.96,proposed,True,0.1009,0,0.1009,0.0013
,1,h_c_three,compound,,DOC_12:S2 DOC_12:S1 DOC_13:S2 DOC_11:S1 DOC_13:S3 DOC_13:S1,3,6,True,0,True,9.7,new_request,0,RETRIEVE,0,3,0,True,3,3,new_request,False,,3,3,3,374.22,0,3,9.6822,0.08,3,37.34,long do laptops last before replacement | much is the home office allowance | work from abroad for three weeks,0,6,29.4,proposed,True,0.0317,0,0.0317,0.0117
,1,h_r_flight_germany,refinement,,DOC_01:S2 DOC_01:S4,1,2,,1,True,2.9,new_request,0,RETRIEVE,1,1,0,True,2,1,new_request,False,,1,1,1,75.48,0,1,1.6701,0.02,1,8.89,rule for booking flights,0,2,0.15,proposed,True,0.0014,0,0.0014,0.0008
,2,h_r_flight_germany,refinement,1.0,DOC_01:S2 DOC_01:S4,1,2,,,False,2.9,refinement,0,RETRIEVE,,1,0,True,2,1,refinement,,1,0,1,1,70.91,0,1,-0.0172,0.02,0,16.29,Oh it's a flight to Germany rule booking,0,2,45.08,proposed,True,0.134,1,0.134,0.0022
,1,h_r_seventy_attendees,refinement,,DOC_03:S1,1,2,,0,True,4.5,new_request,0,RETRIEVE,0,1,0,True,2,1,new_request,False,,2,1,1,109.5,0,2,4.4943,0.05,1,16.49,venues can I use for an event in Pune,0,2,36.45,proposed,True,0.0379,0,0.038,0.0091
,2,h_r_seventy_attendees,refinement,1.0,DOC_03:S1,0,2,,,False,2.5,refinement,0,RETRIEVE,,1,0,True,2,1,refinement,,1,0,1,1,66.69,0,1,-0.0176,0.02,0,16.92,We'll have around seventy attendees Pune use,0,2,45.83,proposed,True,0.131,1,0.1311,0.0007
,1,h_r_gluten,refinement,,DOC_06:S4 DOC_06:S1,1,2,,0,True,3.3,new_request,0,RETRIEVE,0,1,0,True,2,1,new_request,False,,2,1,1,107.1,0,2,3.2829,0.05,1,18.36,catering work for our events,0,2,0.11,proposed,True,0.0014,0,0.0014,0.0002
,2,h_r_gluten,refinement,1.0,DOC_06:S4 DOC_06:S1,0,2,,,True,2.9,refinement,0,RETRIEVE,1,1,0,True,2,1,refinement,,1,1,1,1,43.87,0,1,1.6865,0.02,1,8.93,guests are gluten intolerant Events,0,2,0.1,proposed,True,0.0023,1,0.0023,0.0054
,1,h_r_dollars,refinement,,DOC_09:S2 DOC_09:S1,1,2,,1,True,2.5,new_request,0,RETRIEVE,1,1,0,True,2,1,new_request,False,,1,1,1,73.41,0,1,1.6867,0.02,1,8.94,approves my expense claim,0,2,0.11,proposed,True,0.0015,0,0.0015,0.0117
,2,h_r_dollars,refinement,1.0,DOC_09:S2 DOC_09:S1,0,2,,,False,3.3,refinement,0,RETRIEVE,,1,0,True,2,1,refinement,,1,0,1,1,70.09,0,1,-0.0165,0.02,0,15.33,paid in dollars claim expense,0,2,29.96,proposed,True,0.1174,1,0.1175,0.013
,1,h_r_customer_data,refinement,,DOC_12:S3 DOC_12:S2,1,2,,1,True,3.3,new_request,0,RETRIEVE,1,1,0,True,2,1,new_request,False,,1,1,1,58.2,0,1,1.673,0.02,1,7.45,report a lost laptop,0,2,0.19,proposed,True,0.0025,0,0.0025,0.002
,2,h_r_customer_data,refinement,1.0,DOC_12:S3 DOC_12:S2 DOC_14:S1 DOC_08:S3,1,4,,,True,2.9,refinement,0,RETRIEVE,0,1,0,True,2,1,refinement,,1,1,1,1,44.74,0,1,2.8861,0.02,1,42.72,customer data on it report,0,4,0.17,proposed,True,0.0296,1,0.0296,0.0095
,1,h_r_dubai,refinement,,DOC_13:S3 DOC_13:S1,1,2,,,True,2.1,new_request,0,RETRIEVE,0,1,0,True,1,1,new_request,,,1,1,1,56.26,0,1,2.0792,0.02,1,12.72,work remotely,0,2,0.11,proposed,True,0.0016,0,0.0016,0.0043
,2,h_r_dubai,refinement,1.0,DOC_13:S3 DOC_13:S1,1,2,,,True,3.7,refinement,0,RETRIEVE,1,1,0,True,2,1,refinement,,1,1,1,1,77.26,0,1,2.4729,0.02,1,15.88,I'd be working from Dubai for a month remotely,0,2,0.08,proposed,True,0.0016,1,0.0016,0.0005
,1,h_r_twelve_days,refinement,,,0,0,,1,True,5.7,new_request,0,RETRIEVE,1,1,0,True,2,1,new_request,False,,1,0,0,78.43,0,1,3.2802,0.02,1,8.78,money we lose when a venue booking is called off,0,0,0.02,proposed,True,0.0014,0,0.0014,0.0025
,2,h_r_twelve_days,refinement,,,0,0,,,True,3.7,refinement,0,RETRIEVE,1,1,0,True,2,1,refinement,,1,1,0,0,65.89,0,1,2.4771,0.02,1,14.66,two weeks out booking,0,0,0.02,proposed,True,0.0026,1,0.0026,0.0151
,1,h_s_one_line,suppression,,DOC_08:S3,1,2,,1,True,3.7,new_request,0,RETRIEVE,1,1,0,True,2,1,new_request,False,,1,1,1,50.47,0,1,2.089,0.02,1,8.67,rules on customer attendee data,0,2,0.11,proposed,True,0.0016,0,0.0016,0.007
,1,h_s_one_line,suppression,,DOC_08:S3,0,,,,False,2.5,presentation,0,SUPPRESS,,0,0,False,2,0,presentation,,,0,0,0,0,0,0,,0,0,0,,0,,0.0,proposed,True,0.0009,1,0.0009,0.0157
,1,h_s_list,suppression,,DOC_03:S2,1,1,,,True,2.9,new_request,0,RETRIEVE,0,1,0,True,1,1,new_request,,,1,1,1,57.22,0,1,2.9003,0.02,1,7.74,Koregaon hall offer,0,1,0.07,proposed,True,0.0015,0,0.0015,0.0162
,1,h_s_list,suppression,,DOC_03:S2,0,,,,False,3.7,presentation,0,SUPPRESS,,0,0,False,2,0,presentation,,,0,0,0,0,0,0,,0,0,0,,0,,0.0,proposed,True,0.0005,1,0.0005,0.0139
,1,h_s_briefly,suppression,,DOC_09:S2,1,2,,0,True,3.7,new_request,0,RETRIEVE,0,1,0,True,2,1,new_request,False,,2,1,1,118.17,0,2,3.6877,0.03,1,16.81,approval workflow for claims work,0,2,0.1,proposed,True,0.0015,0,0.0016,0.0029
,1,h_s_briefly,suppression,,DOC_09:S2,0,,,,False,2.9,presentation,0,SUPPRESS,,0,0,False,2,0,presentation,,,0,0,0,0,0,0,,0,0,0,,0,,0.0,proposed,True,0.0005,1,0.0005,0.0017
,1,h_s_reword_customer,suppression,,DOC_01:S2 DOC_01:S3,0,2,,1,True,3.7,new_request,0,RETRIEVE,1,1,0,True,2,1,new_request,False,,1,0,0,71.67,0,1,2.0879,0.02,1,8.99,can't I claim on a business trip,0,2,49.98,proposed,True,0.0516,0,0.0517,0.0102
,1,h_s_reword_customer,suppression,,DOC_01:S2 DOC_01:S3,0,,,,False,3.7,presentation,0,SUPPRESS,,0,0,False,2,0,presentation,,,0,0,0,0,0,0,,0,0,0,,0,,0.0,proposed,True,0.0007,1,0.0007,0.0033
,1,h_s_hear_again,suppression,,DOC_14:S1,1,1,,,True,2.5,new_request,0,RETRIEVE,0,1,0,True,1,1,new_request,,,1,1,1,51.04,0,1,2.4944,0.02,1,7.07,data classes,0,1,0.05,proposed,True,0.0015,0,0.0015,0.0108
,1,h_s_hear_again,suppression,,DOC_14:S1,0,,,,False,3.3,presentation,0,SUPPRESS,,0,0,False,2,0,presentation,,,0,0,0,0,0,0,,0,0,0,,0,,0.0,proposed,True,0.0005,1,0.0005,0.0112
,0,h_chitchat_thanks,chitchat,,,0,,,,False,2.1,chitchat,0,SUPPRESS,,0,0,False,2,0,chitchat,,,0,0,0,0,0,0,,0,0,0,,0,,0.0,proposed,True,0.0004,0,0.0004,0.0017
,1,h_chitchat_morning,chitchat,,,0,0,,,False,2.5,chitchat,0,RETRIEVE,,0,0,False,2,1,new_request,,,0,0,0,40.63,0,1,-0.0093,0.02,0,8.57,Morning How's your day going,0,0,24.1,proposed,True,0.0748,0,0.0748,0.0077
,0,h_presentation_no_prior,suppression,,,0,,,,False,3.3,presentation,0,SUPPRESS,,0,0,False,2,0,presentation,,,0,0,0,0,0,0,,0,0,0,,0,,0.0,proposed,True,0.0006,0,0.0006,0.01
,1,h_switch_visitors,topic_switch,,DOC_11:S2 DOC_11:S1,1,2,,,True,3.3,new_request,0,RETRIEVE,0,1,0,True,1,1,new_request,,,1,1,1,74.21,0,1,3.2888,0.02,1,9.03,much sick leave do I get,0,2,0.09,proposed,True,0.002,0,0.002,0.006
,2,h_switch_visitors,topic_switch,,DOC_16:S1 DOC_16:S2,1,2,,1,True,3.7,new_request,0,RETRIEVE,1,1,0,True,2,1,new_request,False,,1,1,1,68.85,0,1,2.885,0.02,1,9.8,Different question how early must visitors be registered,0,2,0.16,proposed,True,0.0025,1,0.0025,0.0101
,1,h_switch_laptops,topic_switch,,DOC_07:S1 DOC_03:S4,1,2,,,True,3.7,new_request,0,RETRIEVE,0,1,0,True,1,1,new_request,,,1,1,1,59.25,0,1,3.6833,0.02,1,10.53,food vendors can we book in Pune,0,2,42.0,proposed,True,0.0436,0,0.0436,0.0022
,2,h_switch_laptops,topic_switch,,,0,0,,1,True,4.5,new_request,0,RETRIEVE,1,1,0,True,2,1,new_request,False,,1,1,1,44.73,0,1,4.0789,0.02,1,8.84,Unrelated after how many years do we get new computers,0,0,0.02,proposed,True,0.0016,1,0.0016,0.0057
True,1,h_i_salary,insufficient,,,0,0,,,False,2.5,new_request,0,RETRIEVE,,0,0,True,2,1,new_request,,,0,0,0,79.36,0,1,-0.0097,0.02,0,8.91,annual salary increment,0,0,32.0,proposed,True,0.1217,0,0.1217,0.0088
True,1,h_i_coffee,insufficient,,,0,0,,,True,3.7,new_request,0,RETRIEVE,1,0,0,True,2,1,new_request,,,1,0,0,53.43,0,1,2.0788,0.02,1,9.03,free coffee in the Pune office,0,0,0.01,proposed,True,0.0017,0,0.0017,0.0085
True,1,h_i_domestic_meals,insufficient,,,0,0,,,True,3.7,new_request,0,RETRIEVE,0,0,0,True,2,1,new_request,,,2,0,0,138.31,0,2,3.6855,0.04,1,18.15,meal allowance for domestic trips,0,0,39.98,proposed,True,0.0416,0,0.0416,0.0029
True,1,h_i_events_head,insufficient,,,0,0,,,True,3.7,new_request,0,RETRIEVE,1,0,0,True,2,1,new_request,,,1,0,0,59.47,0,1,2.0762,0.02,1,7.93,head of the Events desk,0,0,0.01,proposed,True,0.0015,0,0.0015,0.001
False,1,h_i_baner_parking,insufficient,,DOC_03:S3,0,1,,,True,4.1,new_request,0,RETRIEVE,1,0,0,True,2,1,new_request,,,1,0,0,58.84,0,1,2.481,0.02,1,9.17,many parking spots does Baner Conference Centre have,0,1,0.11,proposed,True,0.0021,0,0.0022,0.0039
,1,h_economy_rule,single,,DOC_01:S2,1,1,,2,False,6.5,new_request,0,RETRIEVE,2,1,0,True,3,1,new_request,False,,0,1,1,83.01,0,1,-0.0102,0.02,0,9.59,flying to Tokyo for a client meeting what are the rules on economy class,0,1,66.34,ablation_no_early_retrieval,True,0.1604,0,0.1604,0.0045
,1,h_speeding_ticket,single,,DOC_01:S2 DOC_01:S5,1,2,,1,False,6.9,new_request,0,RETRIEVE,2,1,0,True,4,2,new_request,False,,0,1,1,225.35,0,2,-0.0166,0.03,0,15.81,happens if I get a speeding ticket on a business trip | reimbursed,0,2,108.18,ablation_no_early_retrieval,True,0.2399,0,0.2399,0.0146
,1,h_minibar,single,,DOC_01:S5 DOC_01:S2,1,2,,1,False,4.1,new_request,0,RETRIEVE,1,1,0,True,3,1,new_request,False,,0,1,1,73.41,0,1,-0.0118,0.02,0,10.88,someone reimburse the minibar charges from my hotel,0,2,57.16,ablation_no_early_retrieval,True,0.1431,0,0.1431,0.0067
,1,h_lost_taxi_receipt,single,,,0,0,,0,False,5.7,new_request,0,RETRIEVE,1,1,0,True,3,1,new_request,False,,0,1,1,79.7,0,1,-0.0095,0.02,0,8.88,lost a taxi receipt worth about twenty dollars what can I do,0,0,45.0,ablation_no_early_retrieval,True,0.135,0,0.135,0.0018
,1,h_baner_biggest_room,single,,DOC_03:S3,1,2,,2,False,4.5,new_request,0,RETRIEVE,2,1,0,True,3,1,new_request,False,,0,1,1,61.15,0,1,-0.0093,0.02,0,8.65,big is the biggest room at the Baner centre,0,2,49.2,ablation_no_early_retrieval,True,0.1203,0,0.1203,0.0015
,1,h_koregaon_wheelchair,single,,DOC_03:S2,1,2,,0,False,3.7,new_request,0,RETRIEVE,0,1,0,True,2,1,new_request,False,,0,1,1,57.78,0,1,-0.0114,0.02,0,10.6,Koregaon venue accessible for wheelchair users,0,2,42.06,ablation_no_early_retrieval,True,0.112,0,0.112,0.0134
,1,h_baner_deposit,single,,DOC_03:S3,1,2,,1,False,5.3,new_request,0,RETRIEVE,1,1,0,True,3,1,new_request,False,,0,1,1,59.02,0,1,-0.0087,0.02,0,8.06,pay a deposit when booking Baner Conference Centre,0,2,44.6,ablation_no_early_retrieval,True,0.1131,0,0.1131,0.0018
,1,h_internal_food_budget,single,,DOC_06:S2,1,2,,1,False,6.5,new_request,0,RETRIEVE,1,1,0,True,3,1,new_request,False,,0,1,1,60.96,0,1,-0.0095,0.02,0,8.72,much does the company spend on food per person for an internal team event,0,2,39.71,ablation_no_early_retrieval,True,0.1108,0,0.1109,0.0108
,1,h_vegetarian,single,,DOC_06:S3,1,2,,0,False,3.7,new_request,0,RETRIEVE,0,1,0,True,3,1,new_request,False,,0,1,1,78.16,0,1,-0.0099,0.02,0,9.15,vegetarian food always included in catering orders,0,2,28.33,ablation_no_early_retrieval,True,0.1171,0,0.1171,0.0116
,1,h_legal_review,single,,DOC_08:S2,1,2,,1,False,6.1,new_request,0,RETRIEVE,0,1,0,True,3,1,new_request,True,,0,1,1,61.31,0,1,-0.01,0.03,0,9.27,customer workshop that sponsors customer travel need legal to look at it,0,2,36.82,ablation_no_early_retrieval,True,0.1089,0,0.1089,0.0072
,1,h_feedback_survey,single,,DOC_08:S4,1,2,,0,False,4.5,new_request,0,RETRIEVE,0,1,0,True,2,1,new_request,False,,0,1,1,52.75,0,1,-0.0099,0.02,0,9.13,feedback survey go out after a workshop,0,2,31.81,ablation_no_early_retrieval,True,0.0952,0,0.0952,0.011
,1,h_rejected_claim,single,,DOC_09:S4 DOC_09:S1,1,2,,0,False,5.7,new_request,0,RETRIEVE,1,1,0,True,3,1,new_request,False,,0,1,1,79.75,0,1,-0.0095,0.03,0,8.79,claim gets rejected can I fix it send it again,0,2,32.2,ablation_no_early_retrieval,True,0.1222,0,0.1222,0.0132
,1,h_audit_share,single,,DOC_09:S2 DOC_09:S4,1,2,,1,False,4.1,new_request,0,RETRIEVE,1,1,0,True,3,1,new_request,False,,0,1,1,75.07,0,1,-0.0097,0.02,0,8.7,percentage of claims does Finance audit every month,0,2,29.31,ablation_no_early_retrieval,True,0.1149,0,0.115,0.0142
,1,h_unreconciled,single,,DOC_10:S3,1,2,,1,False,4.9,new_request,0,RETRIEVE,1,1,0,True,3,1,new_request,False,,0,1,1,78.75,0,1,-0.0092,0.02,0,8.67,happens if my card transactions stay unreconciled for two months,0,2,28.86,ablation_no_early_retrieval,True,0.1176,0,0.1177,0.0101
,1,h_rollover_days,single,,DOC_11:S1,1,2,,0,False,4.5,new_request,0,RETRIEVE,0,1,0,True,2,1,new_request,False,,0,1,1,51.07,0,1,-0.0092,0.02,0,8.62,many unused leave days roll over into next year,0,2,27.69,ablation_no_early_retrieval,True,0.0886,0,0.0886,0.0042
,1,h_non_eng_laptop,single,,DOC_12:S1,1,1,,1,False,5.3,new_request,0,RETRIEVE,1,1,0,True,3,1,new_request,False,,0,1,1,50.6,0,1,-0.0102,0.02,0,9.32,much memory will my laptop have if I'm not in engineering,0,1,30.46,ablation_no_early_retrieval,True,0.0919,0,0.092,0.0054
,1,h_stolen_phone,single,,DOC_12:S3,1,1,,1,False,5.7,new_request,0,RETRIEVE,2,1,0,True,3,1,new_request,False,,0,1,1,56.23,0,1,-0.012,0.12,0,11.49,soon do I need to tell IT that my device was stolen,0,1,34.7,ablation_no_early_retrieval,True,0.1037,0,0.1037,0.0034
,1,h_probation_wfh,single,,,0,0,,1,False,4.1,new_request,0,RETRIEVE,1,1,0,True,3,1,new_request,False,,0,1,1,54.87,0,1,-0.0103,0.02,0,9.46,new hires still on probation work from home,0,0,22.62,ablation_no_early_retrieval,True,0.0885,0,0.0885,0.0078
,1,h_personal_laptop,single,,,0,0,,1,False,4.9,new_request,0,RETRIEVE,1,1,0,True,3,1,new_request,False,,0,1,1,67.87,0,1,-0.0116,0.03,0,11.01,copy confidential files onto my personal laptop,0,0,34.57,ablation_no_early_retrieval,True,0.1149,0,0.1149,0.0111
,1,h_long_booking,single,,DOC_15:S1 DOC_15:S3,1,2,,0,False,6.1,new_request,0,RETRIEVE,0,1,0,True,3,1,new_request,False,,0,1,1,173.09,0,1,-0.0175,0.03,0,16.65,long can a meeting room be booked before facilities needs to approve it,0,2,53.75,ablation_no_early_retrieval,True,0.2456,0,0.2457,0.0114
,1,h_late_checkin,single,,DOC_15:S1 DOC_15:S3,1,2,,0,False,6.1,new_request,0,RETRIEVE,0,1,0,True,3,1,new_request,False,,0,1,1,177.86,0,1,-0.0136,0.02,0,12.85,long is a booked meeting room held if we're late to check in,0,2,99.74,ablation_no_early_retrieval,True,0.2926,0,0.2926,0.009
,1,h_guest_accompany,single,,DOC_16:S3 DOC_16:S1,1,2,,1,False,4.5,new_request,0,RETRIEVE,0,1,0,True,3,1,new_request,True,,0,1,1,93.53,0,1,-0.0154,0.03,0,13.92,customer guests have to be accompanied inside secure areas,0,2,51.97,ablation_no_early_retrieval,True,0.1617,0,0.1618,0.0042
,1,h_short_parental,single_short,,DOC_11:S3 DOC_11:S2,1,2,,,False,1.3,new_request,0,RETRIEVE,0,1,0,True,1,1,new_request,,,0,1,1,83.19,0,1,-0.0099,0.02,0,9.39,Parental leave,0,2,39.38,ablation_no_early_retrieval,True,0.1336,0,0.1336,0.001
,1,h_short_stolen,single_short,,,0,0,,,False,1.3,new_request,0,RETRIEVE,0,1,0,True,1,1,new_request,,,0,1,1,73.71,0,1,-0.0104,0.02,0,9.82,Laptop stolen,0,0,42.91,ablation_no_early_retrieval,True,0.1282,0,0.1282,0.0031
,1,h_long_rambling,single_long,,DOC_01:S4 DOC_03:S5,1,2,,3,False,16.1,new_request,0,RETRIEVE,0,1,0,True,4,1,new_request,True,,0,1,1,197.01,0,1,-0.0232,0.03,0,22.4,team lead is out this week I'm covering there's this whole mess with the quarterly numbers what I actually need to know is how many days ahead I should book a domestic flight,0,2,103.9,ablation_no_early_retrieval,True,0.3255,0,0.3255,0.0149
,1,h_ambiguous_approval,ambiguous,,,0,0,,,False,2.5,new_request,0,RETRIEVE,,1,0,True,2,1,new_request,,,0,1,1,172.46,0,1,-0.0141,0.03,0,13.17,approval I need,0,0,69.44,ablation_no_early_retrieval,True,0.2579,0,0.2579,0.0146
,1,h_para_venue_closes,paraphrase,,,0,0,,0,False,5.7,new_request,0,RETRIEVE,,1,0,True,2,1,new_request,False,,0,1,1,140.05,0,1,-0.0198,0.03,0,18.82,venue itself closes down do we still get our money back,0,0,73.47,ablation_no_early_retrieval,True,0.2344,0,0.2344,0.0019
,1,h_para_move_date,paraphrase,,DOC_05:S3 DOC_05:S5,1,2,,0,False,4.9,new_request,0,RETRIEVE,0,1,0,True,2,1,new_request,False,,0,1,1,139.1,0,1,-0.0223,0.03,0,21.08,move the event date instead of cancelling it outright,0,2,81.66,ablation_no_early_retrieval,True,0.2443,0,0.2443,0.0149
,1,h_conflict_filing_window,contradictory,,DOC_01:S2,1,2,,1,False,6.5,new_request,0,RETRIEVE,1,1,0,True,3,1,new_request,False,,0,1,1,164.16,0,1,-0.0121,0.03,0,11.48,much time do I have to file expenses after coming back from a trip,0,2,132.57,ablation_no_early_retrieval,True,0.3101,0,0.3101,0.0061
,1,h_conflict_late_signoff,contradictory,,,0,0,,1,False,5.3,new_request,0,RETRIEVE,1,1,0,True,3,1,new_request,False,,0,1,1,157.67,0,1,-0.0139,0.02,0,13.17,signs off on a flight booked after the trip already happened,0,0,128.11,ablation_no_early_retrieval,True,0.301,0,0.301,0.0088
,1,h_duplicate_outside_caterer,duplicate,,DOC_07:S2 DOC_07:S1 DOC_03:S2,1,4,,0,False,6.1,new_request,0,RETRIEVE,0,1,0,True,2,2,new_request,False,,0,1,1,217.76,0,2,-0.0222,0.05,0,21.59,hire an outside caterer | use the venue's own kitchen,0,4,132.69,ablation_no_early_retrieval,True,0.2724,0,0.2725,0.0032
,1,h_c_training_day,compound,,,0,0,False,0,False,9.3,new_request,0,RETRIEVE,1,2,0,True,4,1,new_request,False,,0,2,2,110.38,0,1,-0.0456,0.04,0,44.79,training day in Pune with about 50 people which venue fits and how early do I need to request it,0,0,83.45,ablation_no_early_retrieval,True,0.2404,0,0.2404,0.006
,1,h_c_card,compound,,,0,0,True,0,False,9.7,new_request,0,RETRIEVE,0,2,0,True,3,2,new_request,False,,0,2,2,336.87,0,2,-0.0318,0.06,0,30.93,qualifies for a company credit card | ceiling on money I can take out at ATMs on international trips,0,0,151.27,ablation_no_early_retrieval,True,0.3531,0,0.3531,0.0014
,1,h_c_claims_pay_fx,compound,,DOC_09:S3,1,1,False,0,False,6.5,new_request,0,RETRIEVE,0,2,0,True,3,1,new_request,False,,0,2,2,162.06,0,1,-0.0141,0.03,0,13.43,expense claims paid out at what exchange rate are foreign purchases converted,0,1,75.61,ablation_no_early_retrieval,True,0.2527,0,0.2527,0.0073
,1,h_c_security,compound,,DOC_14:S2 DOC_14:S1,1,2,True,0,False,7.3,new_request,0,RETRIEVE,0,2,0,True,3,2,new_request,False,,0,2,2,214.84,0,2,-0.0212,0.05,0,20.62,confidential data be shared outside the company | fast must a breach be reported Confidential,0,2,105.79,ablation_no_early_retrieval,True,0.2531,0,0.2531,0.0127
,1,h_c_catering,compound,,DOC_06:S4 DOC_06:S2 DOC_08:S2,2,4,True,0,False,8.1,new_request,0,RETRIEVE,0,2,0,True,4,2,new_request,False,,0,2,2,195.19,0,2,-0.0241,0.04,0,22.72,lead time for catering for 60 guests | per head budget for a customer workshop,0,4,125.25,ablation_no_early_retrieval,True,0.2532,0,0.2532,0.0088
,1,h_c_hinjewadi,compound,,DOC_03:S4 DOC_05:S3 DOC_05:S2,2,4,True,0,False,9.7,new_request,0,RETRIEVE,1,2,0,True,4,2,new_request,False,,0,2,2,271.07,0,2,-0.0232,0.05,0,22.37,planning a design sprint in Hinjewadi can we serve hot lunch there | refund if we cancel three days before,0,4,168.16,ablation_no_early_retrieval,True,0.3371,0,0.3372,0.0105
,1,h_c_leave,compound,,DOC_11:S3 DOC_11:S1 DOC_11:S2,2,4,True,1,False,8.5,new_request,0,RETRIEVE,0,2,0,True,4,2,new_request,True,,0,2,2,238.19,0,2,-0.0286,0.05,0,27.62,many weeks of leave does a secondary caregiver get | many annual leave days can I carry forward,0,4,95.55,ablation_no_early_retrieval,True,0.2776,0,0.2776,0.012
,1,h_c_cross_doc,compound,,DOC_04:S2 DOC_04:S3 DOC_16:S1 DOC_08:S3,2,4,True,0,False,6.5,new_request,0,RETRIEVE,0,2,0,True,3,2,new_request,False,,0,2,2,151.99,0,2,-0.0351,0.07,0,34.3,Bengaluru venue seats 30 | customer visitors need to be registered in advance Bengaluru,0,4,135.51,ablation_no_early_retrieval,True,0.257,0,0.257,0.0141
True,1,h_c_partial,compound_partial,,DOC_01:S3 DOC_10:S2,1,2,,0,False,6.5,new_request,0,RETRIEVE,0,1,0,True,3,2,new_request,False,,0,1,1,300.69,0,2,-0.0232,0.05,0,22.48,international per diem | hotel chain do we have a discount with,0,2,169.8,ablation_no_early_retrieval,True,0.3496,0,0.3496,0.0146
,1,h_c_three,compound,,DOC_12:S2 DOC_12:S1 DOC_13:S2 DOC_11:S1 DOC_13:S3 DOC_13:S1,3,6,True,0,False,9.7,new_request,0,RETRIEVE,0,3,0,True,3,3,new_request,False,,0,3,3,409.05,0,3,-0.0372,0.09,0,36.53,long do laptops last before replacement | much is the home office allowance | work from abroad for three weeks,0,6,138.6,ablation_no_early_retrieval,True,0.3456,0,0.3456,0.0054
,1,h_r_flight_germany,refinement,,DOC_01:S2 DOC_01:S4,1,2,,1,False,2.9,new_request,0,RETRIEVE,1,1,0,True,2,1,new_request,False,,0,1,1,145.57,0,1,-0.0163,0.03,0,15.74,rule for booking flights,0,2,99.11,ablation_no_early_retrieval,True,0.262,0,0.2621,0.0128
,2,h_r_flight_germany,refinement,1.0,DOC_01:S2 DOC_01:S4,1,2,,,False,2.9,refinement,0,RETRIEVE,,1,0,True,2,1,refinement,,1,0,1,1,162.94,0,1,-0.0318,0.03,0,29.81,Oh it's a flight to Germany rule booking,0,2,102.27,ablation_no_early_retrieval,True,0.2978,1,0.2979,0.0023
,1,h_r_seventy_attendees,refinement,,DOC_03:S1,1,2,,0,False,4.5,new_request,0,RETRIEVE,0,1,0,True,2,1,new_request,False,,0,1,1,135.86,0,1,-0.0158,0.03,0,14.98,venues can I use for an event in Pune,0,2,78.06,ablation_no_early_retrieval,True,0.2308,0,0.2308,0.0064
,2,h_r_seventy_attendees,refinement,1.0,DOC_03:S1,0,2,,,False,2.5,refinement,0,RETRIEVE,,1,0,True,2,1,refinement,,1,0,1,1,117.41,0,1,-0.0275,0.03,0,25.87,We'll have around seventy attendees Pune use,0,2,82.41,ablation_no_early_retrieval,True,0.2285,1,0.2286,0.0056
,1,h_r_gluten,refinement,,DOC_06:S4 DOC_06:S1,1,2,,0,False,3.3,new_request,0,RETRIEVE,0,1,0,True,2,1,new_request,False,,0,1,1,105.39,0,1,-0.012,0.02,0,11.41,catering work for our events,0,2,55.16,ablation_no_early_retrieval,True,0.1736,0,0.1737,0.0127
,2,h_r_gluten,refinement,1.0,DOC_06:S4 DOC_06:S1,0,2,,,False,2.9,refinement,0,RETRIEVE,1,1,0,True,2,1,refinement,,1,0,1,1,94.27,0,1,-0.0151,0.02,0,14.35,guests are gluten intolerant Events,0,2,55.06,ablation_no_early_retrieval,True,0.166,1,0.1661,0.012
,1,h_r_dollars,refinement,,DOC_09:S2 DOC_09:S1,1,2,,1,False,2.5,new_request,0,RETRIEVE,1,1,0,True,2,1,new_request,False,,0,1,1,143.59,0,1,-0.0138,0.03,0,12.9,approves my expense claim,0,2,56.46,ablation_no_early_retrieval,True,0.2147,0,0.2147,0.002
,2,h_r_dollars,refinement,1.0,DOC_09:S2 DOC_09:S1,0,2,,,False,3.3,refinement,0,RETRIEVE,,1,0,True,2,1,refinement,,1,0,1,1,151.85,0,1,-0.0254,0.02,0,24.69,paid in dollars claim expense,0,2,57.9,ablation_no_early_retrieval,True,0.2367,1,0.2367,0.0117
,1,h_r_customer_data,refinement,,DOC_12:S3 DOC_12:S2,1,2,,1,False,3.3,new_request,0,RETRIEVE,1,1,0,True,2,1,new_request,False,,0,1,1,111.56,0,1,-0.0148,0.03,0,14.07,report a lost laptop,0,2,32.81,ablation_no_early_retrieval,True,0.16,0,0.16,0.0037
,2,h_r_customer_data,refinement,1.0,DOC_12:S3 DOC_12:S2 DOC_14:S1 DOC_08:S3,1,4,,,False,2.9,refinement,0,RETRIEVE,0,1,0,True,2,1,refinement,,1,0,1,1,101.12,0,1,-0.026,0.02,0,24.76,customer data on it report,0,4,49.94,ablation_no_early_retrieval,True,0.1788,1,0.1789,0.0027
,1,h_r_dubai,refinement,,DOC_13:S3 DOC_13:S1,1,2,,,False,2.1,new_request,0,RETRIEVE,0,1,0,True,1,1,new_request,,,0,1,1,85.28,0,1,-0.0132,0.04,0,12.69,work remotely,0,2,31.91,ablation_no_early_retrieval,True,0.1315,0,0.1315,0.0096
,2,h_r_dubai,refinement,1.0,DOC_13:S3 DOC_13:S1,1,2,,,False,3.7,refinement,0,RETRIEVE,1,1,0,True,2,1,refinement,,1,0,1,1,146.4,0,1,-0.0234,0.02,0,22.88,I'd be working from Dubai for a month remotely,0,2,38.33,ablation_no_early_retrieval,True,0.2091,1,0.2091,0.0064
,1,h_r_twelve_days,refinement,,,0,0,,1,False,5.7,new_request,0,RETRIEVE,1,1,0,True,2,1,new_request,False,,0,0,0,157.79,0,1,-0.0125,0.02,0,11.51,money we lose when a venue booking is called off,0,0,60.69,ablation_no_early_retrieval,True,0.2321,0,0.2321,0.0066
,2,h_r_twelve_days,refinement,,,0,0,,,False,3.7,refinement,0,RETRIEVE,1,1,0,True,2,1,refinement,,1,0,0,0,149.68,0,1,-0.0261,0.02,0,25.53,two weeks out booking,0,0,80.48,ablation_no_early_retrieval,True,0.2576,1,0.2576,0.0152
,1,h_s_one_line,suppression,,DOC_08:S3,1,2,,1,False,3.7,new_request,0,RETRIEVE,1,1,0,True,2,1,new_request,False,,0,1,1,109.08,0,1,-0.0155,0.02,0,14.69,rules on customer attendee data,0,2,71.3,ablation_no_early_retrieval,True,0.1972,0,0.1972,0.0097
,1,h_s_one_line,suppression,,DOC_08:S3,0,,,,False,2.5,presentation,0,SUPPRESS,,0,0,False,2,0,presentation,,,0,0,0,0,0,0,,0,0,0,,0,,0.0,ablation_no_early_retrieval,True,0.001,1,0.0011,0.0099
,1,h_s_list,suppression,,DOC_03:S2,1,1,,,False,2.9,new_request,0,RETRIEVE,0,1,0,True,1,1,new_request,,,0,1,1,128.64,0,1,-0.0117,0.02,0,10.87,Koregaon hall offer,0,1,103.41,ablation_no_early_retrieval,True,0.245,0,0.245,0.014
,1,h_s_list,suppression,,DOC_03:S2,0,,,,False,3.7,presentation,0,SUPPRESS,,0,0,False,2,0,presentation,,,0,0,0,0,0,0,,0,0,0,,0,,0.0,ablation_no_early_retrieval,True,0.0008,1,0.0008,0.0021
,1,h_s_briefly,suppression,,DOC_09:S2,1,2,,0,False,3.7,new_request,0,RETRIEVE,0,1,0,True,2,1,new_request,False,,0,1,1,92.95,0,1,-0.0144,0.02,0,13.75,approval workflow for claims work,0,2,55.7,ablation_no_early_retrieval,True,0.1638,0,0.1638,0.0144
,1,h_s_briefly,suppression,,DOC_09:S2,0,,,,False,2.9,presentation,0,SUPPRESS,,0,0,False,2,0,presentation,,,0,0,0,0,0,0,,0,0,0,,0,,0.0,ablation_no_early_retrieval,True,0.0005,1,0.0005,0.0106
,1,h_s_reword_customer,suppression,,DOC_01:S2 DOC_01:S3,0,2,,1,False,3.7,new_request,0,RETRIEVE,1,1,0,True,2,1,new_request,False,,0,0,0,167.4,0,1,-0.0144,0.03,0,13.78,can't I claim on a business trip,0,2,102.2,ablation_no_early_retrieval,True,0.2853,0,0.2853,0.0129
,1,h_s_reword_customer,suppression,,DOC_01:S2 DOC_01:S3,0,,,,False,3.7,presentation,0,SUPPRESS,,0,0,False,2,0,presentation,,,0,0,0,0,0,0,,0,0,0,,0,,0.0,ablation_no_early_retrieval,True,0.0005,1,0.0005,0.0079
,1,h_s_hear_again,suppression,,DOC_14:S1,1,1,,,False,2.5,new_request,0,RETRIEVE,0,1,0,True,1,1,new_request,,,0,1,1,112.75,0,1,-0.0114,0.02,0,10.2,data classes,0,1,46.8,ablation_no_early_retrieval,True,0.1722,0,0.1722,0.0067
,1,h_s_hear_again,suppression,,DOC_14:S1,0,,,,False,3.3,presentation,0,SUPPRESS,,0,0,False,2,0,presentation,,,0,0,0,0,0,0,,0,0,0,,0,,0.0,ablation_no_early_retrieval,True,0.0004,1,0.0004,0.0026
,0,h_chitchat_thanks,chitchat,,,0,,,,False,2.1,chitchat,0,SUPPRESS,,0,0,False,2,0,chitchat,,,0,0,0,0,0,0,,0,0,0,,0,,0.0,ablation_no_early_retrieval,True,0.0005,0,0.0005,0.0069
,1,h_chitchat_morning,chitchat,,,0,0,,,False,2.5,chitchat,0,RETRIEVE,,0,0,False,2,1,new_request,,,0,0,0,83.95,0,1,-0.0119,0.02,0,11.31,Morning How's your day going,0,0,51.09,ablation_no_early_retrieval,True,0.1483,0,0.1483,0.0139
,0,h_presentation_no_prior,suppression,,,0,,,,False,3.3,presentation,0,SUPPRESS,,0,0,False,2,0,presentation,,,0,0,0,0,0,0,,0,0,0,,0,,0.0,ablation_no_early_retrieval,True,0.0009,0,0.0009,0.0014
,1,h_switch_visitors,topic_switch,,DOC_11:S2 DOC_11:S1,1,2,,,False,3.3,new_request,0,RETRIEVE,0,1,0,True,1,1,new_request,,,0,1,1,166.63,0,1,-0.0176,0.03,0,16.78,much sick leave do I get,0,2,46.85,ablation_no_early_retrieval,True,0.2324,0,0.2324,0.0084
,2,h_switch_visitors,topic_switch,,DOC_16:S1 DOC_16:S2,1,2,,1,False,3.7,new_request,0,RETRIEVE,1,1,0,True,2,1,new_request,False,,0,1,1,161.66,1,1,-0.0183,0.03,0,17.23,Different question how early must visitors be registered,0,2,57.78,ablation_no_early_retrieval,True,0.2391,1,0.2391,0.005
,1,h_switch_laptops,topic_switch,,DOC_07:S1 DOC_03:S4,1,2,,,False,3.7,new_request,0,RETRIEVE,0,1,0,True,1,1,new_request,,,0,1,1,122.93,0,1,-0.0131,0.02,0,12.33,food vendors can we book in Pune,0,2,96.74,ablation_no_early_retrieval,True,0.2341,0,0.2341,0.0144
,2,h_switch_laptops,topic_switch,,,0,0,,1,False,4.5,new_request,0,RETRIEVE,1,1,0,True,2,1,new_request,False,,0,1,1,101.27,1,1,-0.0131,0.03,0,12.54,Unrelated after how many years do we get new computers,0,0,71.23,ablation_no_early_retrieval,True,0.1868,1,0.1868,0.0105
True,1,h_i_salary,insufficient,,,0,0,,,False,2.5,new_request,0,RETRIEVE,,0,0,True,2,1,new_request,,,0,0,0,163.83,0,1,-0.0161,0.02,0,15.53,annual salary increment,0,0,46.53,ablation_no_early_retrieval,True,0.2278,0,0.2278,0.0039
True,1,h_i_coffee,insufficient,,,0,0,,,False,3.7,new_request,0,RETRIEVE,1,0,0,True,2,1,new_request,,,0,0,0,120.9,0,1,-0.0135,0.04,0,12.96,free coffee in the Pune office,0,0,84.03,ablation_no_early_retrieval,True,0.2197,0,0.2197,0.0109
True,1,h_i_domestic_meals,insufficient,,,0,0,,,False,3.7,new_request,0,RETRIEVE,0,0,0,True,2,1,new_request,,,0,0,0,156.06,0,1,-0.0166,0.03,0,15.22,meal allowance for domestic trips,0,0,85.15,ablation_no_early_retrieval,True,0.2589,0,0.2589,0.0067
True,1,h_i_events_head,insufficient,,,0,0,,,False,3.7,new_request,0,RETRIEVE,1,0,0,True,2,1,new_request,,,0,0,0,124.54,0,1,-0.0125,0.03,0,11.95,head of the Events desk,0,0,53.12,ablation_no_early_retrieval,True,0.1915,0,0.1915,0.0007
False,1,h_i_baner_parking,insufficient,,DOC_03:S3,0,1,,,False,4.1,new_request,0,RETRIEVE,1,0,0,True,2,1,new_request,,,0,0,0,123.06,0,1,-0.0147,0.03,0,13.9,many parking spots does Baner Conference Centre have,0,1,90.47,ablation_no_early_retrieval,True,0.2294,0,0.2294,0.0089
,1,h_economy_rule,single,,DOC_01:S2,1,1,,2,True,6.5,new_request,0,RETRIEVE,2,1,0,True,3,1,new_request,False,,1,1,1,0.0,0,1,0.6344,0.11,1,17.27,flying to Tokyo for a client meeting what are the rules on economy class,0,1,0.6,ablation_dense_only,True,0.0032,0,0.0032,0.0111
,1,h_speeding_ticket,single,,DOC_01:S5 DOC_01:S2,1,2,,1,True,6.9,new_request,0,RETRIEVE,2,1,0,True,4,2,new_request,False,,2,1,1,0.0,0,2,0.7078,0.11,2,24.1,happens if I get a speeding ticket on a business trip | reimbursed,0,2,0.72,ablation_dense_only,True,0.0027,0,0.0028,0.0042
,1,h_minibar,single,,DOC_01:S5 DOC_01:S2,1,2,,1,True,4.1,new_request,0,RETRIEVE,1,1,0,True,3,1,new_request,False,,2,1,1,0.0,0,2,0.6332,0.13,1,22.33,someone reimburse the minibar charges from my hotel,0,2,0.3,ablation_dense_only,True,0.0022,0,0.0022,0.0034
,1,h_lost_taxi_receipt,single,,,0,0,,0,True,5.7,new_request,0,RETRIEVE,1,1,0,True,3,1,new_request,False,,1,1,1,0.0,0,1,0.7276,0.11,1,25.25,lost a taxi receipt worth about twenty dollars what can I do,0,0,0.23,ablation_dense_only,True,0.0156,0,0.0156,0.0132
,1,h_baner_biggest_room,single,,DOC_03:S3 DOC_15:S2,1,2,,2,True,4.5,new_request,0,RETRIEVE,2,1,0,True,3,1,new_request,False,,1,1,1,0.0,0,1,0.4031,0.11,1,10.72,big is the biggest room at the Baner centre,0,2,0.41,ablation_dense_only,True,0.0029,0,0.003,0.0065
,1,h_koregaon_wheelchair,single,,DOC_03:S2,1,2,,0,True,3.7,new_request,0,RETRIEVE,0,1,0,True,2,1,new_request,False,,2,1,1,0.0,0,2,0.7302,0.16,1,27.09,Koregaon venue accessible for wheelchair users,0,2,0.21,ablation_dense_only,True,0.0036,0,0.0036,0.0158
,1,h_baner_deposit,single,,DOC_03:S3 DOC_15:S1,1,2,,1,True,5.3,new_request,0,RETRIEVE,1,1,0,True,3,1,new_request,False,,2,1,1,0.0,0,2,0.608,0.26,1,38.29,pay a deposit when booking Baner Conference Centre,0,2,0.1,ablation_dense_only,True,0.0017,0,0.0017,0.007
,1,h_internal_food_budget,single,,DOC_06:S2,1,2,,1,True,6.5,new_request,0,RETRIEVE,1,1,0,True,3,1,new_request,False,,2,1,1,0.0,0,2,0.8766,0.14,1,26.54,much does the company spend on food per person for an internal team event,0,2,0.1,ablation_dense_only,True,0.0016,0,0.0016,0.008
,1,h_vegetarian,single,,DOC_06:S3,1,2,,0,True,3.7,new_request,0,RETRIEVE,0,1,0,True,3,1,new_request,False,,3,1,1,0.0,0,3,0.7194,0.19,1,34.99,vegetarian food always included in catering orders,0,2,0.12,ablation_dense_only,True,0.0017,0,0.0017,0.0051
,1,h_legal_review,single,,DOC_08:S2 DOC_01:S1,1,2,,1,True,6.1,new_request,0,RETRIEVE,0,1,0,True,3,1,new_request,True,,3,1,1,0.0,0,3,1.2107,0.21,1,34.36,customer workshop that sponsors customer travel need legal to look at it,0,2,0.21,ablation_dense_only,True,0.0025,0,0.0025,0.0111
,1,h_feedback_survey,single,,DOC_08:S4 DOC_08:S2,1,2,,0,True,4.5,new_request,0,RETRIEVE,0,1,0,True,2,1,new_request,False,,2,1,1,0.0,0,2,0.878,0.24,1,31.82,feedback survey go out after a workshop,0,2,0.18,ablation_dense_only,True,0.002,0,0.002,0.0026
,1,h_rejected_claim,single,,DOC_09:S4 DOC_09:S2,1,2,,0,True,5.7,new_request,0,RETRIEVE,1,1,0,True,3,1,new_request,False,,2,1,1,0.0,0,2,0.7072,0.15,1,28.12,claim gets rejected can I fix it send it again,0,2,0.25,ablation_dense_only,True,0.0031,0,0.0032,0.0127
,1,h_audit_share,single,,DOC_09:S2 DOC_09:S4,1,2,,1,True,4.1,new_request,0,RETRIEVE,1,1,0,True,3,1,new_request,False,,2,1,1,0.0,0,2,0.4643,0.16,1,30.69,percentage of claims does Finance audit every month,0,2,0.19,ablation_dense_only,True,0.002,0,0.002,0.0014
,1,h_unreconciled,single,,DOC_10:S3,1,2,,1,True,4.9,new_request,0,RETRIEVE,1,1,0,True,3,1,new_request,False,,2,1,1,0.0,0,2,0.7984,0.13,1,26.4,happens if my card transactions stay unreconciled for two months,0,2,0.15,ablation_dense_only,True,0.0021,0,0.0021,0.0137
,1,h_rollover_days,single,,DOC_11:S1,1,2,,0,True,4.5,new_request,0,RETRIEVE,0,1,0,True,2,1,new_request,False,,2,1,1,0.0,0,2,0.8794,0.2,1,32.51,many unused leave days roll over into next year,0,2,0.09,ablation_dense_only,True,0.0026,0,0.0026,0.003
,1,h_non_eng_laptop,single,,DOC_12:S1,1,1,,1,True,5.3,new_request,0,RETRIEVE,1,1,0,True,3,1,new_request,False,,2,1,1,0.0,0,2,0.7978,0.17,1,28.14,much memory will my laptop have if I'm not in engineering,0,1,0.07,ablation_dense_only,True,0.0021,0,0.0022,0.008
,1,h_stolen_phone,single,,DOC_12:S3,1,1,,1,True,5.7,new_request,0,RETRIEVE,2,1,0,True,3,1,new_request,False,,1,1,1,0.0,0,1,0.4698,0.08,1,15.56,soon do I need to tell IT that my device was stolen,0,1,0.18,ablation_dense_only,True,0.0026,0,0.0027,0.0124
,1,h_probation_wfh,single,,DOC_13:S1,1,1,,1,True,4.1,new_request,0,RETRIEVE,1,1,0,True,3,1,new_request,False,,2,1,1,0.0,0,2,0.5477,0.11,1,24.83,new hires still on probation work from home,0,1,0.06,ablation_dense_only,True,0.0032,0,0.0032,0.0016
,1,h_personal_laptop,single,,DOC_14:S2,1,2,,1,True,4.9,new_request,0,RETRIEVE,1,1,0,True,3,1,new_request,False,,2,1,1,0.0,0,2,0.5515,0.13,1,28.74,copy confidential files onto my personal laptop,0,2,0.22,ablation_dense_only,True,0.0018,0,0.0019,0.014
,1,h_long_booking,single,,DOC_15:S1,1,2,,0,True,6.1,new_request,0,RETRIEVE,0,1,0,True,3,1,new_request,False,,3,1,1,0.0,0,3,1.2049,0.19,1,35.15,long can a meeting room be booked before facilities needs to approve it,0,2,0.2,ablation_dense_only,True,0.0016,0,0.0016,0.0065
,1,h_late_checkin,single,,DOC_15:S1,0,2,,0,True,6.1,new_request,0,RETRIEVE,0,1,0,True,3,1,new_request,False,,3,1,1,0.0,0,3,1.1971,0.24,1,42.97,long is a booked meeting room held if we're late to check in,0,2,0.15,ablation_dense_only,True,0.0029,0,0.003,0.0042
,1,h_guest_accompany,single,,DOC_16:S3 DOC_16:S1,1,2,,1,True,4.5,new_request,0,RETRIEVE,0,1,0,True,3,1,new_request,True,,2,1,1,0.0,0,2,0.8834,0.12,1,21.09,customer guests have to be accompanied inside secure areas,0,2,0.36,ablation_dense_only,True,0.0048,0,0.0049,0.002
,1,h_short_parental,single_short,,DOC_11:S3 DOC_11:S1,1,2,,,True,1.3,new_request,0,RETRIEVE,0,1,0,True,1,1,new_request,,,1,1,1,0.0,0,1,0.2523,0.08,1,10.49,Parental leave,0,2,0.42,ablation_dense_only,True,0.0035,0,0.0036,0.0138
,1,h_short_stolen,single_short,,DOC_12:S3 DOC_12:S2,1,2,,,True,1.3,new_request,0,RETRIEVE,0,1,0,True,1,1,new_request,,,1,1,1,0.0,0,1,0.2466,0.07,1,13.18,Laptop stolen,0,2,0.34,ablation_dense_only,True,0.0034,0,0.0034,0.0135
,1,h_long_rambling,single_long,,DOC_01:S4,1,2,,3,True,16.1,new_request,0,RETRIEVE,0,1,0,True,4,1,new_request,True,,2,1,1,0.0,0,2,3.1975,0.2,1,34.47,team lead is out this week I'm covering there's this whole mess with the quarterly numbers what I actually need to know is how many days ahead I should book a domestic flight,0,2,0.26,ablation_dense_only,True,0.0025,0,0.0025,0.008
,1,h_ambiguous_approval,ambiguous,,,0,0,,,False,2.5,new_request,0,RETRIEVE,,1,0,True,2,1,new_request,,,0,1,1,0.0,0,1,-0.0199,0.1,0,18.68,approval I need,0,0,0.22,ablation_dense_only,True,0.0214,0,0.0214,0.0081
,1,h_para_venue_closes,paraphrase,,DOC_05:S4 DOC_05:S2,1,2,,0,False,5.7,new_request,0,RETRIEVE,,1,0,True,2,1,new_request,False,,0,1,1,0.0,0,1,-0.0197,0.13,0,18.71,venue itself closes down do we still get our money back,0,2,0.58,ablation_dense_only,True,0.0216,0,0.0217,0.005
,1,h_para_move_date,paraphrase,,DOC_05:S5,0,2,,0,True,4.9,new_request,0,RETRIEVE,0,1,0,True,2,1,new_request,False,,2,1,1,0.0,0,2,0.9596,0.2,1,31.23,move the event date instead of cancelling it outright,0,2,0.1,ablation_dense_only,True,0.0017,0,0.0018,0.0109
,1,h_conflict_filing_window,contradictory,,DOC_01:S2,1,2,,1,True,6.5,new_request,0,RETRIEVE,1,1,0,True,3,1,new_request,False,,2,1,1,0.0,0,2,0.803,0.11,1,26.25,much time do I have to file expenses after coming back from a trip,0,2,1.38,ablation_dense_only,True,0.0047,0,0.0048,0.0119
,1,h_conflict_late_signoff,contradictory,,,0,0,,1,True,5.3,new_request,0,RETRIEVE,1,1,0,True,3,1,new_request,False,,2,1,1,0.0,0,2,0.8019,0.15,1,24.58,signs off on a flight booked after the trip already happened,0,0,0.43,ablation_dense_only,True,0.0036,0,0.0036,0.0095
,1,h_duplicate_outside_caterer,duplicate,,DOC_07:S2 DOC_07:S1 DOC_03:S3,1,4,,0,True,6.1,new_request,0,RETRIEVE,0,1,0,True,2,2,new_request,False,,2,1,1,0.0,0,2,1.2038,0.14,2,21.85,hire an outside caterer | use the venue's own kitchen,0,4,0.35,ablation_dense_only,True,0.002,0,0.002,0.0078
,1,h_c_training_day,compound,,DOC_03:S5,1,1,False,0,True,9.3,new_request,0,RETRIEVE,1,2,0,True,4,1,new_request,False,,3,2,2,0.0,0,3,1.3504,0.21,1,49.13,training day in Pune with about 50 people which venue fits and how early do I need to request it,0,1,0.17,ablation_dense_only,True,0.0026,0,0.0026,0.0079
,1,h_c_card,compound,,DOC_10:S2 DOC_10:S1 DOC_01:S2,2,4,True,0,True,9.7,new_request,0,RETRIEVE,0,2,0,True,3,2,new_request,False,,2,2,2,0.0,0,2,1.9188,0.18,2,32.94,qualifies for a company credit card | ceiling on money I can take out at ATMs on international trips,0,4,1.3,ablation_dense_only,True,0.0045,0,0.0046,0.0033
,1,h_c_claims_pay_fx,compound,,DOC_09:S3 DOC_01:S3,1,2,False,0,True,6.5,new_request,0,RETRIEVE,0,2,0,True,3,1,new_request,False,,3,1,1,0.0,0,3,1.2832,0.2,1,35.32,expense claims paid out at what exchange rate are foreign purchases converted,0,2,0.61,ablation_dense_only,True,0.0034,0,0.0034,0.0063
,1,h_c_security,compound,,DOC_14:S2 DOC_14:S1 DOC_14:S3 DOC_16:S2,2,4,True,0,True,7.3,new_request,0,RETRIEVE,0,2,0,True,3,2,new_request,False,,3,2,2,0.0,0,3,1.44,0.26,2,39.04,confidential data be shared outside the company | fast must a breach be reported Confidential,0,4,0.32,ablation_dense_only,True,0.0041,0,0.0042,0.0025
,1,h_c_catering,compound,,DOC_06:S4 DOC_06:S2 DOC_08:S2,2,4,True,0,True,8.1,new_request,0,RETRIEVE,0,2,0,True,4,2,new_request,False,,4,2,2,0.0,0,4,1.5972,0.25,2,48.48,lead time for catering for 60 guests | per head budget for a customer workshop,0,4,0.43,ablation_dense_only,True,0.0043,0,0.0044,0.0006
,1,h_c_hinjewadi,compound,,DOC_03:S4 DOC_05:S2 DOC_05:S4,2,4,True,0,True,9.7,new_request,0,RETRIEVE,1,2,0,True,4,2,new_request,False,,3,2,2,0.0,0,3,1.3429,0.17,2,33.1,planning a design sprint in Hinjewadi can we serve hot lunch there | refund if we cancel three days before,0,4,0.46,ablation_dense_only,True,0.0034,0,0.0035,0.001
,1,h_c_leave,compound,,DOC_11:S3 DOC_11:S2 DOC_11:S1,2,4,True,1,True,8.5,new_request,0,RETRIEVE,0,2,0,True,4,2,new_request,True,,4,2,2,0.0,0,4,1.6779,0.27,2,48.98,many weeks of leave does a secondary caregiver get | many annual leave days can I carry forward,0,4,1.01,ablation_dense_only,True,0.0048,0,0.0049,0.0051
,1,h_c_cross_doc,compound,,DOC_04:S1 DOC_04:S2 DOC_16:S1 DOC_03:S3,2,4,True,0,True,6.5,new_request,0,RETRIEVE,0,2,0,True,3,2,new_request,False,,3,1,2,0.0,0,3,1.2788,0.22,2,36.0,Bengaluru venue seats 30 | customer visitors need to be registered in advance Bengaluru,0,4,0.39,ablation_dense_only,True,0.0038,0,0.0039,0.0043
False,1,h_c_partial,compound_partial,,DOC_01:S3 DOC_09:S3 DOC_01:S2,1,4,,0,True,6.5,new_request,0,RETRIEVE,0,1,0,True,3,2,new_request,False,,2,1,1,0.0,0,2,1.2671,0.47,2,58.16,international per diem | hotel chain do we have a discount with,0,4,1.05,ablation_dense_only,True,0.0152,0,0.0153,0.0144
,1,h_c_three,compound,,DOC_12:S2 DOC_12:S1 DOC_13:S2 DOC_11:S1 DOC_13:S3 DOC_13:S1,3,6,True,0,True,9.7,new_request,0,RETRIEVE,0,3,0,True,3,3,new_request,False,,3,3,3,0.0,0,3,1.9149,0.22,3,37.0,long do laptops last before replacement | much is the home office allowance | work from abroad for three weeks,0,6,1.28,ablation_dense_only,True,0.0043,0,0.0044,0.0002
,1,h_r_flight_germany,refinement,,DOC_01:S4,1,2,,1,True,2.9,new_request,0,RETRIEVE,1,1,0,True,2,1,new_request,False,,1,1,1,0.0,0,1,0.3158,0.06,1,12.25,rule for booking flights,0,2,0.43,ablation_dense_only,True,0.0031,0,0.0031,0.0016
,2,h_r_flight_germany,refinement,1.0,DOC_01:S4,1,2,,,False,2.9,refinement,0,RETRIEVE,,1,0,True,2,1,refinement,,1,0,1,1,0.0,0,1,-0.0355,0.24,0,34.96,Oh it's a flight to Germany rule booking,0,2,0.68,ablation_dense_only,True,0.0378,1,0.0378,0.0007
,1,h_r_seventy_attendees,refinement,,DOC_03:S5 DOC_03:S1,1,2,,0,True,4.5,new_request,0,RETRIEVE,0,1,0,True,2,1,new_request,False,,2,1,1,0.0,0,2,0.8786,0.18,1,32.24,venues can I use for an event in Pune,0,2,0.11,ablation_dense_only,True,0.0015,0,0.0016,0.0123
,2,h_r_seventy_attendees,refinement,1.0,DOC_03:S5 DOC_03:S1 DOC_03:S3,1,4,,,False,2.5,refinement,0,RETRIEVE,,1,0,True,2,1,refinement,,1,0,1,1,0.0,0,1,-0.0253,0.11,0,24.26,We'll have around seventy attendees Pune use,0,4,11.1,ablation_dense_only,True,0.0379,1,0.0379,0.0145
,1,h_r_gluten,refinement,,DOC_06:S1 DOC_06:S4,1,2,,0,True,3.3,new_request,0,RETRIEVE,0,1,0,True,2,1,new_request,False,,2,1,1,0.0,0,2,0.6342,0.21,1,25.09,catering work for our events,0,2,0.25,ablation_dense_only,True,0.0021,0,0.0022,0.0009
,2,h_r_gluten,refinement,1.0,DOC_06:S1 DOC_06:S4 DOC_06:S3 DOC_07:S2,1,4,,,True,2.9,refinement,0,RETRIEVE,1,1,0,True,2,1,refinement,,1,1,1,1,0.0,0,1,0.3159,0.07,1,12.14,guests are gluten intolerant Events,0,4,0.65,ablation_dense_only,True,0.0048,1,0.0049,0.0109
,1,h_r_dollars,refinement,,DOC_09:S1,0,2,,1,True,2.5,new_request,0,RETRIEVE,1,1,0,True,2,1,new_request,False,,1,1,1,0.0,0,1,0.3105,0.08,1,14.79,approves my expense claim,0,2,0.38,ablation_dense_only,True,0.0045,0,0.0045,0.0057
,2,h_r_dollars,refinement,1.0,DOC_09:S1 DOC_09:S3 DOC_09:S4,1,4,,,False,3.3,refinement,0,RETRIEVE,,1,0,True,2,1,refinement,,1,0,1,1,0.0,0,1,-0.0217,0.08,0,20.59,paid in dollars claim expense,0,4,0.56,ablation_dense_only,True,0.0235,1,0.0235,0.0045
,1,h_r_customer_data,refinement,,DOC_12:S3 DOC_12:S2,1,2,,1,True,3.3,new_request,0,RETRIEVE,1,1,0,True,2,1,new_request,False,,1,1,1,0.0,0,1,0.3188,0.06,1,11.96,report a lost laptop,0,2,0.38,ablation_dense_only,True,0.0049,0,0.005,0.0157
,2,h_r_customer_data,refinement,1.0,DOC_12:S3 DOC_12:S2 DOC_14:S1,1,4,,,True,2.9,refinement,0,RETRIEVE,0,1,0,True,2,1,refinement,,1,1,1,1,0.0,0,1,0.5514,0.07,1,50.76,customer data on it report,0,4,0.32,ablation_dense_only,True,0.0312,1,0.0312,0.006
,1,h_r_dubai,refinement,,DOC_13:S3 DOC_13:S1,1,2,,,True,2.1,new_request,0,RETRIEVE,0,1,0,True,1,1,new_request,,,1,1,1,0.0,0,1,0.4098,0.07,1,13.2,work remotely,0,2,0.15,ablation_dense_only,True,0.0018,0,0.0019,0.0153
,2,h_r_dubai,refinement,1.0,DOC_13:S3 DOC_13:S1,1,2,,,True,3.7,refinement,0,RETRIEVE,1,1,0,True,2,1,refinement,,1,1,1,1,0.0,0,1,0.4567,0.08,1,27.93,I'd be working from Dubai for a month remotely,0,2,0.18,ablation_dense_only,True,0.0027,1,0.0028,0.0051
,1,h_r_twelve_days,refinement,,DOC_05:S4 DOC_05:S2,1,2,,1,True,5.7,new_request,0,RETRIEVE,1,1,0,True,2,1,new_request,False,,1,1,1,0.0,0,1,0.6258,0.05,1,12.62,money we lose when a venue booking is called off,0,2,0.26,ablation_dense_only,True,0.0022,0,0.0023,0.0091
,2,h_r_twelve_days,refinement,1.0,DOC_05:S4 DOC_05:S2,1,2,,,True,3.7,refinement,0,RETRIEVE,1,1,0,True,2,1,refinement,,1,1,1,1,0.0,0,1,0.459,0.07,1,26.46,two weeks out booking,0,2,0.37,ablation_dense_only,True,0.0037,1,0.0038,0.0052
,1,h_s_one_line,suppression,,DOC_08:S3,1,2,,1,True,3.7,new_request,0,RETRIEVE,1,1,0,True,2,1,new_request,False,,1,1,1,0.0,0,1,0.3952,0.07,1,13.77,rules on customer attendee data,0,2,0.21,ablation_dense_only,True,0.0019,0,0.002,0.0035
,1,h_s_one_line,suppression,,DOC_08:S3,0,,,,False,2.5,presentation,0,SUPPRESS,,0,0,False,2,0,presentation,,,0,0,0,0,0,0,,0,0,0,,0,,0.0,ablation_dense_only,True,0.0007,1,0.0007,0.0109
,1,h_s_list,suppression,,DOC_03:S2 DOC_15:S2,1,2,,,True,2.9,new_request,0,RETRIEVE,0,1,0,True,1,1,new_request,,,1,1,1,0.0,0,1,0.5619,0.06,1,11.52,Koregaon hall offer,0,2,0.13,ablation_dense_only,True,0.002,0,0.002,0.008
,1,h_s_list,suppression,,DOC_03:S2 DOC_15:S2,0,,,,False,3.7,presentation,0,SUPPRESS,,0,0,False,2,0,presentation,,,0,0,0,0,0,0,,0,0,0,,0,,0.0,ablation_dense_only,True,0.002,1,0.002,0.0052
,1,h_s_briefly,suppression,,DOC_09:S4 DOC_09:S2,1,2,,0,True,3.7,new_request,0,RETRIEVE,0,1,0,True,2,1,new_request,False,,2,1,1,0.0,0,2,0.6899,0.19,1,46.15,approval workflow for claims work,0,2,0.19,ablation_dense_only,True,0.0027,0,0.0027,0.0043
,1,h_s_briefly,suppression,,DOC_09:S4,0,,,,False,2.9,presentation,0,SUPPRESS,,0,0,False,2,0,presentation,,,0,0,0,0,0,0,,0,0,0,,0,,0.0,ablation_dense_only,True,0.0004,1,0.0004,0.0041
,1,h_s_reword_customer,suppression,,DOC_01:S2 DOC_01:S3,0,2,,1,True,3.7,new_request,0,RETRIEVE,1,1,0,True,2,1,new_request,False,,1,0,1,0.0,0,1,0.39,0.08,1,15.1,can't I claim on a business trip,0,2,1.08,ablation_dense_only,True,0.0036,0,0.0037,0.0076
,1,h_s_reword_customer,suppression,,DOC_01:S2 DOC_01:S3,0,,,,False,3.7,presentation,0,SUPPRESS,,0,0,False,2,0,presentation,,,0,0,0,0,0,0,,0,0,0,,0,,0.0,ablation_dense_only,True,0.0011,1,0.0011,0.0003
,1,h_s_hear_again,suppression,,DOC_14:S1,1,1,,,True,2.5,new_request,0,RETRIEVE,0,1,0,True,1,1,new_request,,,1,1,1,0.0,0,1,0.4878,0.11,1,11.73,data classes,0,1,0.09,ablation_dense_only,True,0.0019,0,0.0019,0.0127
,1,h_s_hear_again,suppression,,DOC_14:S1,0,,,,False,3.3,presentation,0,SUPPRESS,,0,0,False,2,0,presentation,,,0,0,0,0,0,0,,0,0,0,,0,,0.0,ablation_dense_only,True,0.0016,1,0.0017,0.0072
,0,h_chitchat_thanks,chitchat,,,0,,,,False,2.1,chitchat,0,SUPPRESS,,0,0,False,2,0,chitchat,,,0,0,0,0,0,0,,0,0,0,,0,,0.0,ablation_dense_only,True,0.0007,0,0.0007,0.0135
,1,h_chitchat_morning,chitchat,,,0,0,,,False,2.5,chitchat,0,RETRIEVE,,0,0,False,2,1,new_request,,,0,0,0,0.0,0,1,-0.0148,0.08,0,13.82,Morning How's your day going,0,0,0.26,ablation_dense_only,True,0.0166,0,0.0166,0.0127
,0,h_presentation_no_prior,suppression,,,0,,,,False,3.3,presentation,0,SUPPRESS,,0,0,False,2,0,presentation,,,0,0,0,0,0,0,,0,0,0,,0,,0.0,ablation_dense_only,True,0.0007,0,0.0007,0.01
,1,h_switch_visitors,topic_switch,,DOC_11:S2 DOC_11:S1,1,2,,,True,3.3,new_request,0,RETRIEVE,0,1,0,True,1,1,new_request,,,1,1,1,0.0,0,1,0.6306,0.08,1,15.24,much sick leave do I get,0,2,0.38,ablation_dense_only,True,0.0037,0,0.0038,0.0012
,2,h_switch_visitors,topic_switch,,DOC_16:S1 DOC_01:S4,1,2,,1,True,3.7,new_request,0,RETRIEVE,1,1,0,True,2,1,new_request,False,,1,1,1,0.0,0,1,0.5536,0.07,1,12.21,Different question how early must visitors be registered,0,2,0.57,ablation_dense_only,True,0.0043,1,0.0044,0.0043
,1,h_switch_laptops,topic_switch,,DOC_06:S1 DOC_03:S5,1,2,,,True,3.7,new_request,0,RETRIEVE,0,1,0,True,1,1,new_request,,,1,1,1,0.0,0,1,0.7093,0.07,1,16.35,food vendors can we book in Pune,0,2,0.24,ablation_dense_only,True,0.0015,0,0.0016,0.0021
,2,h_switch_laptops,topic_switch,,DOC_12:S2 DOC_12:S1,1,2,,1,True,4.5,new_request,0,RETRIEVE,1,1,0,True,2,1,new_request,False,,1,1,1,0.0,0,1,0.7814,0.12,1,13.58,Unrelated after how many years do we get new computers,0,2,0.23,ablation_dense_only,True,0.0022,1,0.0024,0.0026
True,1,h_i_salary,insufficient,,,0,0,,,False,2.5,new_request,0,RETRIEVE,,0,0,True,2,1,new_request,,,0,0,0,0.0,0,1,-0.015,0.11,0,14.15,annual salary increment,0,0,0.33,ablation_dense_only,True,0.0166,0,0.0166,0.0086
False,1,h_i_coffee,insufficient,,DOC_15:S2 DOC_06:S1,0,2,,,True,3.7,new_request,0,RETRIEVE,1,0,0,True,2,1,new_request,,,1,0,0,0.0,0,1,0.3895,0.06,1,16.32,free coffee in the Pune office,0,2,0.71,ablation_dense_only,True,0.0024,0,0.0025,0.0075
False,1,h_i_domestic_meals,insufficient,,DOC_01:S3 DOC_07:S2,0,2,,,True,3.7,new_request,0,RETRIEVE,0,0,0,True,2,1,new_request,,,2,0,0,0.0,0,2,0.7152,0.14,1,30.95,meal allowance for domestic trips,0,2,0.56,ablation_dense_only,True,0.0026,0,0.0027,0.004
True,1,h_i_events_head,insufficient,,,0,0,,,True,3.7,new_request,0,RETRIEVE,1,0,0,True,2,1,new_request,,,1,0,0,0.0,0,1,0.383,0.16,1,21.85,head of the Events desk,0,0,0.03,ablation_dense_only,True,0.0025,0,0.0025,0.0049
False,1,h_i_baner_parking,insufficient,,DOC_03:S3 DOC_04:S1,0,2,,,True,4.1,new_request,0,RETRIEVE,1,0,0,True,2,1,new_request,,,1,0,0,0.0,0,1,0.4669,0.07,1,16.1,many parking spots does Baner Conference Centre have,0,2,0.18,ablation_dense_only,True,0.0029,0,0.003,0.0059
,1,h_economy_rule,single,,DOC_01:S2,1,1,,2,True,6.5,new_request,0,RETRIEVE,2,1,0,True,3,1,new_request,False,,1,1,1,0.0,0,1,0.6227,0.02,1,17.07,flying to Tokyo for a client meeting what are the rules on economy class,0,1,0.1,ablation_hybrid_no_rerank,True,0.0021,0,0.0022,0.0035
,1,h_speeding_ticket,single,,DOC_01:S5 DOC_01:S2,1,2,,1,True,6.9,new_request,0,RETRIEVE,2,1,0,True,4,2,new_request,False,,2,1,1,0.01,0,2,0.693,0.06,2,38.65,happens if I get a speeding ticket on a business trip | reimbursed,0,2,1.28,ablation_hybrid_no_rerank,True,0.0044,0,0.0045,0.0075
,1,h_minibar,single,,DOC_01:S5 DOC_01:S2,1,2,,1,True,4.1,new_request,0,RETRIEVE,1,1,0,True,3,1,new_request,False,,2,1,1,0.0,0,2,0.636,0.04,1,32.46,someone reimburse the minibar charges from my hotel,0,2,0.52,ablation_hybrid_no_rerank,True,0.0034,0,0.0034,0.0153
,1,h_lost_taxi_receipt,single,,,0,0,,0,True,5.7,new_request,0,RETRIEVE,1,1,0,True,3,1,new_request,False,,1,1,1,0.0,0,1,0.7033,0.03,1,30.13,lost a taxi receipt worth about twenty dollars what can I do,0,0,0.39,ablation_hybrid_no_rerank,True,0.018,0,0.018,0.0065
,1,h_baner_biggest_room,single,,DOC_03:S3 DOC_15:S2,1,2,,2,True,4.5,new_request,0,RETRIEVE,2,1,0,True,3,1,new_request,False,,1,1,1,0.0,0,1,0.3721,0.02,1,16.54,big is the biggest room at the Baner centre,0,2,0.2,ablation_hybrid_no_rerank,True,0.0018,0,0.0019,0.0003
,1,h_koregaon_wheelchair,single,,DOC_03:S2,1,2,,0,True,3.7,new_request,0,RETRIEVE,0,1,0,True,2,1,new_request,False,,2,1,1,0.0,0,2,0.7152,0.06,1,40.59,Koregaon venue accessible for wheelchair users,0,2,0.24,ablation_hybrid_no_rerank,True,0.003,0,0.0031,0.0067
,1,h_baner_deposit,single,,DOC_03:S3 DOC_15:S1,1,2,,1,True,5.3,new_request,0,RETRIEVE,1,1,0,True,3,1,new_request,False,,2,1,1,0.0,0,2,0.6172,0.05,1,36.84,pay a deposit when booking Baner Conference Centre,0,2,0.21,ablation_hybrid_no_rerank,True,0.0025,0,0.0026,0.009
,1,h_internal_food_budget,single,,DOC_06:S2,1,2,,1,True,6.5,new_request,0,RETRIEVE,1,1,0,True,3,1,new_request,False,,2,1,1,0.0,0,2,0.8734,0.06,1,30.03,much does the company spend on food per person for an internal team event,0,2,0.21,ablation_hybrid_no_rerank,True,0.0023,0,0.0023,0.0071
,1,h_vegetarian,single,,DOC_06:S3,1,2,,0,True,3.7,new_request,0,RETRIEVE,0,1,0,True,3,1,new_request,False,,3,1,1,0.0,0,3,0.7121,0.08,1,40.48,vegetarian food always included in catering orders,0,2,0.2,ablation_hybrid_no_rerank,True,0.0029,0,0.0029,0.0006
,1,h_legal_review,single,,DOC_08:S2 DOC_01:S1,1,2,,1,True,6.1,new_request,0,RETRIEVE,0,1,0,True,3,1,new_request,True,,3,1,1,0.0,0,3,1.1991,0.09,1,42.8,customer workshop that sponsors customer travel need legal to look at it,0,2,0.48,ablation_hybrid_no_rerank,True,0.0034,0,0.0035,0.008
,1,h_feedback_survey,single,,DOC_08:S4 DOC_08:S2,1,2,,0,True,4.5,new_request,0,RETRIEVE,0,1,0,True,2,1,new_request,False,,2,1,1,0.0,0,2,0.8858,0.04,1,28.23,feedback survey go out after a workshop,0,2,0.34,ablation_hybrid_no_rerank,True,0.0028,0,0.0028,0.0143
,1,h_rejected_claim,single,,DOC_09:S4 DOC_09:S2,1,2,,0,True,5.7,new_request,0,RETRIEVE,1,1,0,True,3,1,new_request,False,,2,1,1,0.0,0,2,0.724,0.07,1,46.14,claim gets rejected can I fix it send it again,0,2,0.41,ablation_hybrid_no_rerank,True,0.0056,0,0.0056,0.012
,1,h_audit_share,single,,DOC_09:S2 DOC_09:S4,1,2,,1,True,4.1,new_request,0,RETRIEVE,1,1,0,True,3,1,new_request,False,,2,1,1,0.0,0,2,0.472,0.12,1,37.66,percentage of claims does Finance audit every month,0,2,0.18,ablation_hybrid_no_rerank,True,0.0022,0,0.0022,0.0162
,1,h_unreconciled,single,,DOC_10:S3,1,2,,1,True,4.9,new_request,0,RETRIEVE,1,1,0,True,3,1,new_request,False,,2,1,1,0.0,0,2,0.7961,0.07,1,56.89,happens if my card transactions stay unreconciled for two months,0,2,0.1,ablation_hybrid_no_rerank,True,0.0019,0,0.002,0.0133
,1,h_rollover_days,single,,DOC_11:S1,1,2,,0,True,4.5,new_request,0,RETRIEVE,0,1,0,True,2,1,new_request,False,,2,1,1,0.0,0,2,0.8877,0.09,1,30.48,many unused leave days roll over into next year,0,2,0.19,ablation_hybrid_no_rerank,True,0.0023,0,0.0023,0.0162
,1,h_non_eng_laptop,single,,DOC_12:S1,1,1,,1,True,5.3,new_request,0,RETRIEVE,1,1,0,True,3,1,new_request,False,,2,1,1,0.0,0,2,0.7934,0.08,1,30.91,much memory will my laptop have if I'm not in engineering,0,1,0.11,ablation_hybrid_no_rerank,True,0.0025,0,0.0025,0.0096
,1,h_stolen_phone,single,,DOC_12:S3 DOC_14:S2,1,2,,1,True,5.7,new_request,0,RETRIEVE,2,1,0,True,3,1,new_request,False,,1,1,1,0.0,0,1,0.4697,0.04,1,16.6,soon do I need to tell IT that my device was stolen,0,2,0.24,ablation_hybrid_no_rerank,True,0.0029,0,0.003,0.0097
,1,h_probation_wfh,single,,DOC_13:S1,1,1,,1,True,4.1,new_request,0,RETRIEVE,1,1,0,True,3,1,new_request,False,,2,1,1,0.0,0,2,0.543,0.05,1,28.76,new hires still on probation work from home,0,1,0.1,ablation_hybrid_no_rerank,True,0.0021,0,0.0021,0.0018
,1,h_personal_laptop,single,,DOC_14:S2,1,2,,1,True,4.9,new_request,0,RETRIEVE,1,1,0,True,3,1,new_request,False,,2,1,1,0.0,0,2,0.5546,0.06,1,40.04,copy confidential files onto my personal laptop,0,2,0.56,ablation_hybrid_no_rerank,True,0.0039,0,0.004,0.0117
,1,h_long_booking,single,,DOC_15:S1,1,2,,0,True,6.1,new_request,0,RETRIEVE,0,1,0,True,3,1,new_request,False,,3,1,1,0.0,0,3,1.1951,0.08,1,52.32,long can a meeting room be booked before facilities needs to approve it,0,2,0.23,ablation_hybrid_no_rerank,True,0.004,0,0.0041,0.0158
,1,h_late_checkin,single,,DOC_15:S1,0,2,,0,True,6.1,new_request,0,RETRIEVE,0,1,0,True,3,1,new_request,False,,3,1,1,0.0,0,3,1.1626,0.1,1,57.88,long is a booked meeting room held if we're late to check in,0,2,0.16,ablation_hybrid_no_rerank,True,0.0022,0,0.0022,0.0017
,1,h_guest_accompany,single,,DOC_16:S3 DOC_16:S1,1,2,,1,True,4.5,new_request,0,RETRIEVE,0,1,0,True,3,1,new_request,True,,2,1,1,0.0,0,2,0.8787,0.06,1,25.97,customer guests have to be accompanied inside secure areas,0,2,0.32,ablation_hybrid_no_rerank,True,0.0041,0,0.0042,0.0009
,1,h_short_parental,single_short,,DOC_11:S3 DOC_11:S1,1,2,,,True,1.3,new_request,0,RETRIEVE,0,1,0,True,1,1,new_request,,,1,1,1,0.0,0,1,0.2338,0.03,1,12.74,Parental leave,0,2,0.11,ablation_hybrid_no_rerank,True,0.0015,0,0.0015,0.0005
,1,h_short_stolen,single_short,,DOC_12:S3 DOC_12:S2,1,2,,,True,1.3,new_request,0,RETRIEVE,0,1,0,True,1,1,new_request,,,1,1,1,0.0,0,1,0.2377,0.02,1,13.46,Laptop stolen,0,2,0.2,ablation_hybrid_no_rerank,True,0.0022,0,0.0023,0.0055
,1,h_long_rambling,single_long,,DOC_01:S4 DOC_01:S2,1,2,,3,True,16.1,new_request,0,RETRIEVE,0,1,0,True,4,1,new_request,True,,2,1,1,0.0,0,2,3.2003,0.18,1,104.71,team lead is out this week I'm covering there's this whole mess with the quarterly numbers what I actually need to know is how many days ahead I should book a domestic flight,0,2,0.28,ablation_hybrid_no_rerank,True,0.0025,0,0.0026,0.006
,1,h_ambiguous_approval,ambiguous,,,0,0,,,False,2.5,new_request,0,RETRIEVE,,1,0,True,2,1,new_request,,,0,1,1,0.0,0,1,-0.0259,0.03,0,25.12,approval I need,0,0,0.2,ablation_hybrid_no_rerank,True,0.0273,0,0.0273,0.0081
,1,h_para_venue_closes,paraphrase,,DOC_05:S4 DOC_05:S1,1,2,,0,False,5.7,new_request,0,RETRIEVE,,1,0,True,2,1,new_request,False,,0,1,1,0.0,0,1,-0.0118,0.02,0,11.16,venue itself closes down do we still get our money back,0,2,0.27,ablation_hybrid_no_rerank,True,0.0127,0,0.0127,0.0011
,1,h_para_move_date,paraphrase,,DOC_05:S5,0,2,,0,True,4.9,new_request,0,RETRIEVE,0,1,0,True,2,1,new_request,False,,2,1,1,0.0,0,2,0.9634,0.04,1,24.79,move the event date instead of cancelling it outright,0,2,0.15,ablation_hybrid_no_rerank,True,0.0024,0,0.0024,0.0048
,1,h_conflict_filing_window,contradictory,,DOC_01:S2,1,2,,1,True,6.5,new_request,0,RETRIEVE,1,1,0,True,3,1,new_request,False,,2,1,1,0.0,0,2,0.7991,0.07,1,26.77,much time do I have to file expenses after coming back from a trip,0,2,0.56,ablation_hybrid_no_rerank,True,0.0021,0,0.0021,0.007
,1,h_conflict_late_signoff,contradictory,,,0,0,,1,True,5.3,new_request,0,RETRIEVE,1,1,0,True,3,1,new_request,False,,2,1,1,0.0,0,2,0.8052,0.06,1,25.25,signs off on a flight booked after the trip already happened,0,0,0.57,ablation_hybrid_no_rerank,True,0.0169,0,0.0169,0.0178
,1,h_duplicate_outside_caterer,duplicate,,DOC_03:S3 DOC_07:S2 DOC_07:S1 DOC_04:S1,1,4,,0,True,6.1,new_request,0,RETRIEVE,0,1,0,True,2,2,new_request,False,,2,1,1,0.0,0,2,1.1328,0.07,2,50.82,hire an outside caterer | use the venue's own kitchen,0,4,0.34,ablation_hybrid_no_rerank,True,0.0023,0,0.0023,0.0074
,1,h_c_training_day,compound,,DOC_03:S5,1,1,False,0,True,9.3,new_request,0,RETRIEVE,1,2,0,True,4,1,new_request,False,,3,2,2,0.0,0,3,1.3509,0.08,1,48.02,training day in Pune with about 50 people which venue fits and how early do I need to request it,0,1,0.08,ablation_hybrid_no_rerank,True,0.0022,0,0.0023,0.0072
,1,h_c_card,compound,,DOC_10:S2 DOC_10:S1 DOC_01:S2,2,4,True,0,True,9.7,new_request,0,RETRIEVE,0,2,0,True,3,2,new_request,False,,2,1,2,0.0,0,2,1.9254,0.05,2,31.48,qualifies for a company credit card | ceiling on money I can take out at ATMs on international trips,0,4,0.49,ablation_hybrid_no_rerank,True,0.0025,0,0.0025,0.0142
,1,h_c_claims_pay_fx,compound,,DOC_09:S3 DOC_01:S3,1,2,False,0,True,6.5,new_request,0,RETRIEVE,0,2,0,True,3,1,new_request,False,,3,1,2,0.0,0,3,1.2605,0.09,1,51.56,expense claims paid out at what exchange rate are foreign purchases converted,0,2,0.14,ablation_hybrid_no_rerank,True,0.0029,0,0.0029,0.0003
,1,h_c_security,compound,,DOC_14:S2 DOC_14:S1 DOC_14:S3,2,3,True,0,True,7.3,new_request,0,RETRIEVE,0,2,0,True,3,2,new_request,False,,3,2,2,0.0,0,3,1.4358,0.13,2,56.38,confidential data be shared outside the company | fast must a breach be reported Confidential,0,3,0.27,ablation_hybrid_no_rerank,True,0.0028,0,0.0028,0.0094
,1,h_c_catering,compound,,DOC_06:S4 DOC_03:S5 DOC_06:S2 DOC_08:S2,2,4,True,0,True,8.1,new_request,0,RETRIEVE,0,2,0,True,4,2,new_request,False,,4,1,2,0.0,0,4,1.5959,0.15,2,67.11,lead time for catering for 60 guests | per head budget for a customer workshop,0,4,0.22,ablation_hybrid_no_rerank,True,0.0028,0,0.0028,0.0129
,1,h_c_hinjewadi,compound,,DOC_03:S4 DOC_05:S2 DOC_05:S4,2,4,True,0,True,9.7,new_request,0,RETRIEVE,1,2,0,True,4,2,new_request,False,,3,2,2,0.0,0,3,1.3555,0.07,2,38.54,planning a design sprint in Hinjewadi can we serve hot lunch there | refund if we cancel three days before,0,4,0.21,ablation_hybrid_no_rerank,True,0.0024,0,0.0024,0.0087
,1,h_c_leave,compound,,DOC_11:S3 DOC_11:S2 DOC_11:S1,2,4,True,1,True,8.5,new_request,0,RETRIEVE,0,2,0,True,4,2,new_request,True,,4,2,2,0.0,0,4,1.6898,0.1,2,62.09,many weeks of leave does a secondary caregiver get | many annual leave days can I carry forward,0,4,0.48,ablation_hybrid_no_rerank,True,0.0202,0,0.0203,0.0093
,1,h_c_cross_doc,compound,,DOC_04:S1 DOC_04:S2 DOC_16:S1 DOC_16:S3,2,4,True,0,True,6.5,new_request,0,RETRIEVE,0,2,0,True,3,2,new_request,False,,3,2,2,0.0,0,3,1.2451,0.1,2,56.8,Bengaluru venue seats 30 | customer visitors need to be registered in advance Bengaluru,0,4,0.3,ablation_hybrid_no_rerank,True,0.0035,0,0.0036,0.0082
False,1,h_c_partial,compound_partial,,DOC_01:S3 DOC_10:S2 DOC_01:S2,1,4,,0,True,6.5,new_request,0,RETRIEVE,0,1,0,True,3,2,new_request,False,,2,1,1,0.0,0,2,1.2924,0.04,2,42.28,international per diem | hotel chain do we have a discount with,0,4,1.21,ablation_hybrid_no_rerank,True,0.0245,0,0.0246,0.0156
,1,h_c_three,compound,,DOC_12:S2 DOC_12:S1 DOC_13:S2 DOC_13:S3 DOC_13:S1,3,5,True,0,True,9.7,new_request,0,RETRIEVE,0,3,0,True,3,3,new_request,False,,3,3,3,0.0,0,3,1.9033,0.08,3,54.3,long do laptops last before replacement | much is the home office allowance | work from abroad for three weeks,0,5,0.4,ablation_hybrid_no_rerank,True,0.0044,0,0.0045,0.0139
,1,h_r_flight_germany,refinement,,DOC_01:S4,1,2,,1,True,2.9,new_request,0,RETRIEVE,1,1,0,True,2,1,new_request,False,,1,1,1,0.0,0,1,0.3097,0.07,1,13.53,rule for booking flights,0,2,0.59,ablation_hybrid_no_rerank,True,0.0027,0,0.0027,0.0041
,2,h_r_flight_germany,refinement,1.0,DOC_01:S4,1,2,,,False,2.9,refinement,0,RETRIEVE,,1,0,True,2,1,refinement,,1,0,1,1,0.0,0,1,-0.0288,0.03,0,27.71,Oh it's a flight to Germany rule booking,0,2,0.56,ablation_hybrid_no_rerank,True,0.0304,1,0.0305,0.0089
,1,h_r_seventy_attendees,refinement,,DOC_03:S5 DOC_03:S1,1,2,,0,True,4.5,new_request,0,RETRIEVE,0,1,0,True,2,1,new_request,False,,2,1,1,0.0,0,2,0.8746,0.09,1,34.0,venues can I use for an event in Pune,0,2,0.32,ablation_hybrid_no_rerank,True,0.0033,0,0.0034,0.0017
,2,h_r_seventy_attendees,refinement,1.0,DOC_03:S5 DOC_03:S1,1,3,,,False,2.5,refinement,0,RETRIEVE,,1,0,True,2,1,refinement,,1,0,1,1,0.0,0,1,-0.0629,0.05,0,61.61,We'll have around seventy attendees Pune use,0,3,25.23,ablation_hybrid_no_rerank,True,0.0892,1,0.0893,0.0094
,1,h_r_gluten,refinement,,DOC_06:S1 DOC_06:S4,1,2,,0,True,3.3,new_request,0,RETRIEVE,0,1,0,True,2,1,new_request,False,,2,1,1,0.0,0,2,0.6399,0.05,1,27.37,catering work for our events,0,2,0.2,ablation_hybrid_no_rerank,True,0.0019,0,0.002,0.0125
,2,h_r_gluten,refinement,1.0,DOC_06:S1 DOC_06:S4 DOC_06:S3,1,3,,,True,2.9,refinement,0,RETRIEVE,1,1,0,True,2,1,refinement,,1,1,1,1,0.0,0,1,0.3103,0.04,1,16.49,guests are gluten intolerant Events,0,3,0.27,ablation_hybrid_no_rerank,True,0.0026,1,0.0026,0.0091
,1,h_r_dollars,refinement,,DOC_09:S1,0,2,,1,True,2.5,new_request,0,RETRIEVE,1,1,0,True,2,1,new_request,False,,1,1,1,0.0,0,1,0.3156,0.03,1,14.12,approves my expense claim,0,2,0.23,ablation_hybrid_no_rerank,True,0.0033,0,0.0033,0.0116
,2,h_r_dollars,refinement,1.0,DOC_09:S1 DOC_09:S3 DOC_09:S4,1,4,,,False,3.3,refinement,0,RETRIEVE,,1,0,True,2,1,refinement,,1,0,0,1,0.0,0,1,-0.0195,0.02,0,18.92,paid in dollars claim expense,0,4,0.46,ablation_hybrid_no_rerank,True,0.0212,1,0.0212,0.0052
,1,h_r_customer_data,refinement,,DOC_12:S3 DOC_12:S2,1,2,,1,True,3.3,new_request,0,RETRIEVE,1,1,0,True,2,1,new_request,False,,1,1,1,0.0,0,1,0.3225,0.03,1,10.6,report a lost laptop,0,2,0.22,ablation_hybrid_no_rerank,True,0.0026,0,0.0026,0.0068
,2,h_r_customer_data,refinement,1.0,DOC_12:S3 DOC_12:S2 DOC_14:S1,1,4,,,True,2.9,refinement,0,RETRIEVE,0,1,0,True,2,1,refinement,,1,1,1,1,0.0,0,1,0.5431,0.04,1,51.78,customer data on it report,0,4,0.41,ablation_hybrid_no_rerank,True,0.0278,1,0.0278,0.0051
,1,h_r_dubai,refinement,,DOC_13:S3 DOC_13:S1,1,2,,,True,2.1,new_request,0,RETRIEVE,0,1,0,True,1,1,new_request,,,1,1,1,0.0,0,1,0.3979,0.04,1,11.92,work remotely,0,2,0.1,ablation_hybrid_no_rerank,True,0.0014,0,0.0014,0.0026
,2,h_r_dubai,refinement,1.0,DOC_13:S3 DOC_13:S1,1,2,,,True,3.7,refinement,0,RETRIEVE,1,1,0,True,2,1,refinement,,1,1,1,1,0.0,0,1,0.4666,0.03,1,21.59,I'd be working from Dubai for a month remotely,0,2,0.13,ablation_hybrid_no_rerank,True,0.0024,1,0.0024,0.0071
,1,h_r_twelve_days,refinement,,DOC_01:S4 DOC_05:S1,0,2,,1,True,5.7,new_request,0,RETRIEVE,1,1,0,True,2,1,new_request,False,,1,0,0,0.0,0,1,0.6292,0.02,1,10.09,money we lose when a venue booking is called off,0,2,0.13,ablation_hybrid_no_rerank,True,0.0019,0,0.0019,0.0025
,2,h_r_twelve_days,refinement,1.0,DOC_01:S4 DOC_05:S1,0,2,,,True,3.7,refinement,0,RETRIEVE,1,1,0,True,2,1,refinement,,1,1,0,0,0.0,0,1,0.47,0.02,1,19.52,two weeks out booking,0,2,0.45,ablation_hybrid_no_rerank,True,0.004,1,0.0041,0.0058
,1,h_s_one_line,suppression,,DOC_08:S3,1,2,,1,True,3.7,new_request,0,RETRIEVE,1,1,0,True,2,1,new_request,False,,1,1,1,0.0,0,1,0.3952,0.02,1,11.39,rules on customer attendee data,0,2,0.12,ablation_hybrid_no_rerank,True,0.002,0,0.0021,0.002
,1,h_s_one_line,suppression,,DOC_08:S3,0,,,,False,2.5,presentation,0,SUPPRESS,,0,0,False,2,0,presentation,,,0,0,0,0,0,0,,0,0,0,,0,,0.0,ablation_hybrid_no_rerank,True,0.0011,1,0.0011,0.0154
,1,h_s_list,suppression,,DOC_03:S2 DOC_15:S2,1,2,,,True,2.9,new_request,0,RETRIEVE,0,1,0,True,1,1,new_request,,,1,1,1,0.0,0,1,0.5595,0.02,1,13.56,Koregaon hall offer,0,2,0.24,ablation_hybrid_no_rerank,True,0.0025,0,0.0025,0.0098
,1,h_s_list,suppression,,DOC_03:S2 DOC_15:S2,0,,,,False,3.7,presentation,0,SUPPRESS,,0,0,False,2,0,presentation,,,0,0,0,0,0,0,,0,0,0,,0,,0.0,ablation_hybrid_no_rerank,True,0.0004,1,0.0004,0.016
,1,h_s_briefly,suppression,,DOC_09:S4 DOC_09:S2,1,2,,0,True,3.7,new_request,0,RETRIEVE,0,1,0,True,2,1,new_request,False,,2,1,1,0.0,0,2,0.7281,0.06,1,22.71,approval workflow for claims work,0,2,0.29,ablation_hybrid_no_rerank,True,0.0024,0,0.0024,0.0101
,1,h_s_briefly,suppression,,DOC_09:S4,0,,,,False,2.9,presentation,0,SUPPRESS,,0,0,False,2,0,presentation,,,0,0,0,0,0,0,,0,0,0,,0,,0.0,ablation_hybrid_no_rerank,True,0.0019,1,0.0019,0.0129
,1,h_s_reword_customer,suppression,,DOC_01:S2 DOC_01:S3,0,2,,1,True,3.7,new_request,0,RETRIEVE,1,1,0,True,2,1,new_request,False,,1,0,0,0.0,0,1,0.3888,0.04,1,15.66,can't I claim on a business trip,0,2,0.27,ablation_hybrid_no_rerank,True,0.0019,0,0.0019,0.0045
,1,h_s_reword_customer,suppression,,DOC_01:S2 DOC_01:S3,0,,,,False,3.7,presentation,0,SUPPRESS,,0,0,False,2,0,presentation,,,0,0,0,0,0,0,,0,0,0,,0,,0.0,ablation_hybrid_no_rerank,True,0.0004,1,0.0005,0.0037
,1,h_s_hear_again,suppression,,DOC_14:S1,1,1,,,True,2.5,new_request,0,RETRIEVE,0,1,0,True,1,1,new_request,,,1,1,1,0.0,0,1,0.4864,0.02,1,13.05,data classes,0,1,0.1,ablation_hybrid_no_rerank,True,0.0019,0,0.002,0.0118
,1,h_s_hear_again,suppression,,DOC_14:S1,0,,,,False,3.3,presentation,0,SUPPRESS,,0,0,False,2,0,presentation,,,0,0,0,0,0,0,,0,0,0,,0,,0.0,ablation_hybrid_no_rerank,True,0.0009,1,0.0009,0.0072
,0,h_chitchat_thanks,chitchat,,,0,,,,False,2.1,chitchat,0,SUPPRESS,,0,0,False,2,0,chitchat,,,0,0,0,0,0,0,,0,0,0,,0,,0.0,ablation_hybrid_no_rerank,True,0.0004,0,0.0004,0.0138
,1,h_chitchat_morning,chitchat,,,0,0,,,False,2.5,chitchat,0,RETRIEVE,,0,0,False,2,1,new_request,,,0,0,0,0.0,0,1,-0.0153,0.03,0,14.78,Morning How's your day going,0,0,0.25,ablation_hybrid_no_rerank,True,0.0165,0,0.0165,0.001
,0,h_presentation_no_prior,suppression,,,0,,,,False,3.3,presentation,0,SUPPRESS,,0,0,False,2,0,presentation,,,0,0,0,0,0,0,,0,0,0,,0,,0.0,ablation_hybrid_no_rerank,True,0.0005,0,0.0005,0.0112
,1,h_switch_visitors,topic_switch,,DOC_11:S2 DOC_11:S1,1,2,,,True,3.3,new_request,0,RETRIEVE,0,1,0,True,1,1,new_request,,,1,1,1,0.0,0,1,0.647,0.02,1,11.11,much sick leave do I get,0,2,0.2,ablation_hybrid_no_rerank,True,0.0028,0,0.0028,0.0081
,2,h_switch_visitors,topic_switch,,DOC_16:S1 DOC_16:S3,1,2,,1,True,3.7,new_request,0,RETRIEVE,1,1,0,True,2,1,new_request,False,,1,1,1,0.0,0,1,0.5446,0.02,1,18.76,Different question how early must visitors be registered,0,2,0.42,ablation_hybrid_no_rerank,True,0.0035,1,0.0036,0.0054
,1,h_switch_laptops,topic_switch,,DOC_03:S5 DOC_07:S2,0,2,,,True,3.7,new_request,0,RETRIEVE,0,1,0,True,1,1,new_request,,,1,0,1,0.0,0,1,0.7117,0.04,1,12.69,food vendors can we book in Pune,0,2,0.18,ablation_hybrid_no_rerank,True,0.0027,0,0.0027,0.0016
,2,h_switch_laptops,topic_switch,,DOC_12:S2 DOC_11:S1,1,2,,1,True,4.5,new_request,0,RETRIEVE,1,1,0,True,2,1,new_request,False,,1,1,1,0.0,0,1,0.7862,0.03,1,15.34,Unrelated after how many years do we get new computers,0,2,0.2,ablation_hybrid_no_rerank,True,0.002,1,0.0021,0.004
True,1,h_i_salary,insufficient,,,0,0,,,False,2.5,new_request,0,RETRIEVE,,0,0,True,2,1,new_request,,,0,0,0,0.0,0,1,-0.0141,0.03,0,13.39,annual salary increment,0,0,0.29,ablation_hybrid_no_rerank,True,0.0153,0,0.0153,0.0092
False,1,h_i_coffee,insufficient,,DOC_15:S2 DOC_06:S1,0,2,,,True,3.7,new_request,0,RETRIEVE,1,0,0,True,2,1,new_request,,,1,0,0,0.0,0,1,0.3948,0.03,1,12.14,free coffee in the Pune office,0,2,0.1,ablation_hybrid_no_rerank,True,0.0014,0,0.0014,0.0054
False,1,h_i_domestic_meals,insufficient,,DOC_01:S3 DOC_13:S2,0,2,,,True,3.7,new_request,0,RETRIEVE,0,0,0,True,2,1,new_request,,,2,0,0,0.0,0,2,0.7215,0.05,1,24.54,meal allowance for domestic trips,0,2,0.28,ablation_hybrid_no_rerank,True,0.0016,0,0.0017,0.0058
True,1,h_i_events_head,insufficient,,,0,0,,,True,3.7,new_request,0,RETRIEVE,1,0,0,True,2,1,new_request,,,1,0,0,0.0,0,1,0.4008,0.02,1,11.95,head of the Events desk,0,0,0.01,ablation_hybrid_no_rerank,True,0.0013,0,0.0013,0.0073
False,1,h_i_baner_parking,insufficient,,DOC_03:S3,0,1,,,True,4.1,new_request,0,RETRIEVE,1,0,0,True,2,1,new_request,,,1,0,0,0.0,0,1,0.4765,0.02,1,10.52,many parking spots does Baner Conference Centre have,0,1,0.12,ablation_hybrid_no_rerank,True,0.0021,0,0.0021,0.0086
,1,h_economy_rule,single,,,0,0,,2,True,6.5,new_request,0,RETRIEVE,2,1,0,True,3,1,new_request,False,,1,1,1,177.3,0,1,0.6347,0.19,1,0.93,"I'm flying to Tokyo for a client meeting, what are the rules on economy class?",0,0,0.03,ablation_no_decomposition,True,0.0031,0,0.0031,0.0045
,1,h_speeding_ticket,single,,,0,0,,1,True,6.9,new_request,0,RETRIEVE,2,1,0,True,4,1,new_request,False,,2,1,1,420.33,0,2,0.7064,0.91,1,2.02,"What happens if I get a speeding ticket on a business trip, will I be reimbursed?",0,0,153.71,ablation_no_decomposition,True,0.1607,0,0.1607,0.0017
,1,h_minibar,single,,DOC_01:S5 DOC_01:S2,1,2,,1,True,4.1,new_request,0,RETRIEVE,1,1,0,True,3,1,new_request,False,,2,1,1,359.25,0,2,0.6447,0.62,1,1.9,Can someone reimburse the minibar charges from my hotel?,0,2,138.11,ablation_no_decomposition,True,0.1414,0,0.1414,0.0142
,1,h_lost_taxi_receipt,single,,,0,0,,0,True,5.7,new_request,0,RETRIEVE,1,1,0,True,3,1,new_request,False,,1,1,1,172.81,0,1,0.7318,0.24,1,0.84,"I lost a taxi receipt worth about twenty dollars, what can I do?",0,0,107.05,ablation_no_decomposition,True,0.1087,0,0.1087,0.0123
,1,h_baner_biggest_room,single,,DOC_03:S3,1,2,,2,True,4.5,new_request,0,RETRIEVE,2,1,0,True,3,1,new_request,False,,1,1,1,134.83,0,1,0.4068,0.27,1,0.88,How big is the biggest room at the Baner centre?,0,2,0.39,ablation_no_decomposition,True,0.0027,0,0.0028,0.0064
,1,h_koregaon_wheelchair,single,,DOC_03:S2,1,2,,0,True,3.7,new_request,0,RETRIEVE,0,1,0,True,2,1,new_request,False,,2,1,1,260.08,0,2,0.7315,0.57,1,1.95,Is the Koregaon venue accessible for wheelchair users?,0,2,0.48,ablation_no_decomposition,True,0.005,0,0.0051,0.0031
,1,h_baner_deposit,single,,DOC_03:S3,1,2,,1,True,5.3,new_request,0,RETRIEVE,1,1,0,True,3,1,new_request,False,,2,1,1,275.34,0,2,0.6375,0.44,1,1.73,Do we need to pay a deposit when booking Baner Conference Centre?,0,2,0.41,ablation_no_decomposition,True,0.0044,0,0.0045,0.008
,1,h_internal_food_budget,single,,DOC_06:S2,1,2,,1,True,6.5,new_request,0,RETRIEVE,1,1,0,True,3,1,new_request,False,,2,1,1,260.29,0,2,0.877,0.68,1,1.8,How much does the company spend on food per person for an internal team event?,0,2,0.14,ablation_no_decomposition,True,0.002,0,0.0021,0.0093
,1,h_vegetarian,single,,DOC_06:S3,1,2,,0,True,3.7,new_request,0,RETRIEVE,0,1,0,True,3,1,new_request,False,,3,1,1,456.95,0,3,0.7311,0.87,1,1.96,Is vegetarian food always included in catering orders?,0,2,0.22,ablation_no_decomposition,True,0.0129,0,0.013,0.0044
,1,h_legal_review,single,,DOC_08:S2,1,2,,1,True,6.1,new_request,0,RETRIEVE,0,1,0,True,3,1,new_request,True,,3,1,1,374.21,0,3,1.2151,0.95,1,2.49,Does a customer workshop that sponsors customer travel need legal to look at it?,0,2,0.41,ablation_no_decomposition,True,0.0037,0,0.0038,0.0095
,1,h_feedback_survey,single,,DOC_08:S4,1,2,,0,True,4.5,new_request,0,RETRIEVE,0,1,0,True,2,1,new_request,False,,2,1,1,201.96,0,2,0.9,0.48,1,1.49,When should the feedback survey go out after a workshop?,0,2,0.1,ablation_no_decomposition,True,0.0019,0,0.0019,0.0146
,1,h_rejected_claim,single,,DOC_09:S4 DOC_09:S1,1,2,,0,True,5.7,new_request,0,RETRIEVE,1,1,0,True,3,1,new_request,False,,2,1,1,348.19,0,2,0.706,0.59,1,1.67,"If my claim gets rejected, can I fix it and send it again?",0,2,0.22,ablation_no_decomposition,True,0.0023,0,0.0023,0.0081
,1,h_audit_share,single,,DOC_09:S2 DOC_09:S4,1,2,,1,True,4.1,new_request,0,RETRIEVE,1,1,0,True,3,1,new_request,False,,2,1,1,320.62,0,2,0.4853,0.47,1,1.41,What percentage of claims does Finance audit every month?,0,2,0.2,ablation_no_decomposition,True,0.0022,0,0.0023,0.0031
,1,h_unreconciled,single,,DOC_10:S3,1,2,,1,True,4.9,new_request,0,RETRIEVE,1,1,0,True,3,1,new_request,False,,2,1,1,325.02,0,2,0.8133,0.48,1,1.51,What happens if my card transactions stay unreconciled for two months?,0,2,0.17,ablation_no_decomposition,True,0.0024,0,0.0024,0.012
,1,h_rollover_days,single,,DOC_11:S1,1,2,,0,True,4.5,new_request,0,RETRIEVE,0,1,0,True,2,1,new_request,False,,2,1,1,197.39,0,2,0.8867,1.13,1,2.29,How many unused leave days roll over into next year?,0,2,0.17,ablation_no_decomposition,True,0.0021,0,0.0021,0.0004
,1,h_non_eng_laptop,single,,DOC_12:S1,1,1,,1,True,5.3,new_request,0,RETRIEVE,1,1,0,True,3,1,new_request,False,,2,1,1,215.95,0,2,0.7981,0.46,1,1.55,How much memory will my laptop have if I'm not in engineering?,0,1,0.11,ablation_no_decomposition,True,0.0021,0,0.0021,0.0023
,1,h_stolen_phone,single,,DOC_12:S3 DOC_14:S3,1,2,,1,True,5.7,new_request,0,RETRIEVE,2,1,0,True,3,1,new_request,False,,1,1,1,93.95,0,1,0.4868,0.2,1,0.91,How soon do I need to tell IT that my device was stolen?,0,2,0.15,ablation_no_decomposition,True,0.0021,0,0.0022,0.0088
,1,h_probation_wfh,single,,,0,0,,1,True,4.1,new_request,0,RETRIEVE,1,1,0,True,3,1,new_request,False,,2,1,1,226.38,0,2,0.5618,0.93,1,2.25,Can new hires still on probation work from home?,0,0,0.02,ablation_no_decomposition,True,0.0025,0,0.0025,0.0008
,1,h_personal_laptop,single,,DOC_14:S2,1,2,,1,True,4.9,new_request,0,RETRIEVE,1,1,0,True,3,1,new_request,False,,2,1,1,269.55,0,2,0.5646,0.59,1,1.62,Is it okay to copy confidential files onto my personal laptop?,0,2,0.12,ablation_no_decomposition,True,0.0014,0,0.0014,0.0131
,1,h_long_booking,single,,DOC_15:S1 DOC_15:S3,1,2,,0,True,6.1,new_request,0,RETRIEVE,0,1,0,True,3,1,new_request,False,,3,1,1,436.4,0,3,1.2157,0.79,1,2.07,How long can a meeting room be booked before facilities needs to approve it?,0,2,0.34,ablation_no_decomposition,True,0.0037,0,0.0038,0.011
,1,h_late_checkin,single,,DOC_15:S3 DOC_15:S1,1,2,,0,True,6.1,new_request,0,RETRIEVE,0,1,0,True,3,1,new_request,False,,3,1,1,481.8,0,3,1.2153,0.74,1,2.16,How long is a booked meeting room held if we're late to check in?,0,2,0.09,ablation_no_decomposition,True,0.0022,0,0.0023,0.009
,1,h_guest_accompany,single,,DOC_16:S3 DOC_16:S1,1,2,,1,True,4.5,new_request,0,RETRIEVE,0,1,0,True,3,1,new_request,True,,2,1,1,225.15,0,2,0.9041,0.65,1,1.59,Do customer guests have to be accompanied inside secure areas?,0,2,0.14,ablation_no_decomposition,True,0.0021,0,0.0021,0.0158
,1,h_short_parental,single_short,,DOC_11:S3 DOC_11:S2,1,2,,,True,1.3,new_request,0,RETRIEVE,0,1,0,True,1,1,new_request,,,1,1,1,89.2,0,1,0.2484,0.23,1,0.81,Parental leave?,0,2,0.17,ablation_no_decomposition,True,0.0017,0,0.0018,0.002
,1,h_short_stolen,single_short,,,0,0,,,True,1.3,new_request,0,RETRIEVE,0,1,0,True,1,1,new_request,,,1,1,1,116.93,0,1,0.2621,0.26,1,0.97,Laptop stolen?,0,0,0.02,ablation_no_decomposition,True,0.0018,0,0.0018,0.0161
,1,h_long_rambling,single_long,,,0,0,,3,True,16.1,new_request,0,RETRIEVE,0,1,0,True,4,1,new_request,True,,2,0,1,314.07,0,2,3.216,0.53,1,1.62,"Okay so my team lead is out this week and I'm covering, and there's this whole mess with the quarterly numbers, but what I actually need to know is how many days ahead I should book a domestic flight.",0,0,0.01,ablation_no_decomposition,True,0.002,0,0.002,0.0091
,1,h_ambiguous_approval,ambiguous,,,0,0,,,False,2.5,new_request,0,RETRIEVE,,1,0,True,2,1,new_request,,,0,1,1,159.57,0,1,-0.0009,0.18,0,0.47,What's the approval I need?,0,0,56.23,ablation_no_decomposition,True,0.218,0,0.218,0.0126
,1,h_para_venue_closes,paraphrase,,,0,0,,0,False,5.7,new_request,0,RETRIEVE,,1,0,True,2,1,new_request,False,,0,1,1,139.2,0,1,-0.0014,0.23,0,0.58,"If the venue itself closes down, do we still get our money back?",0,0,74.91,ablation_no_decomposition,True,0.2168,0,0.2168,0.015
,1,h_para_move_date,paraphrase,,DOC_05:S3 DOC_05:S5,1,2,,0,True,4.9,new_request,0,RETRIEVE,0,1,0,True,2,1,new_request,False,,2,1,1,251.09,0,2,0.9688,0.52,1,1.68,Can we move the event date instead of cancelling it outright?,0,2,0.13,ablation_no_decomposition,True,0.0031,0,0.0031,0.0009
,1,h_conflict_filing_window,contradictory,,DOC_01:S2,1,2,,1,True,6.5,new_request,0,RETRIEVE,1,1,0,True,3,1,new_request,False,,2,1,1,338.77,0,2,0.7953,0.83,1,1.87,How much time do I have to file expenses after coming back from a trip?,0,2,113.3,ablation_no_decomposition,True,0.1153,0,0.1154,0.0037
,1,h_conflict_late_signoff,contradictory,,,0,0,,1,True,5.3,new_request,0,RETRIEVE,1,1,0,True,3,1,new_request,False,,2,1,1,304.3,0,2,0.8116,0.34,1,1.4,Who signs off on a flight booked after the trip already happened?,0,0,135.68,ablation_no_decomposition,True,0.1379,0,0.1379,0.0074
,1,h_duplicate_outside_caterer,duplicate,,DOC_07:S2 DOC_07:S1,1,2,,0,True,6.1,new_request,0,RETRIEVE,0,1,0,True,2,1,new_request,False,,2,1,1,247.52,0,2,1.2137,0.65,1,1.98,"Can we hire an outside caterer, or must we use the venue's own kitchen?",0,2,86.4,ablation_no_decomposition,True,0.0881,0,0.0882,0.0071
,1,h_c_training_day,compound,,DOC_03:S5,1,2,False,0,True,9.3,new_request,0,RETRIEVE,1,2,0,True,4,1,new_request,False,,3,1,2,324.57,0,3,1.3536,1.3,1,2.97,"For a training day in Pune with about 50 people, which venue fits, and how early do I need to request it?",0,2,0.13,ablation_no_decomposition,True,0.0021,0,0.0022,0.0052
,1,h_c_card,compound,,,0,0,False,0,True,9.7,new_request,0,RETRIEVE,0,2,0,True,3,1,new_request,False,,2,1,2,288.39,0,2,1.9279,0.69,1,1.67,"Who qualifies for a company credit card, and is there a ceiling on money I can take out at ATMs on international trips?",0,0,125.22,ablation_no_decomposition,True,0.1278,0,0.1278,0.0047
,1,h_c_claims_pay_fx,compound,,DOC_09:S3 DOC_09:S4,2,2,False,0,True,6.5,new_request,0,RETRIEVE,0,2,0,True,3,1,new_request,False,,3,2,2,484.69,0,3,1.2896,1.14,1,2.79,"When are expense claims paid out, and at what exchange rate are foreign purchases converted?",0,2,86.95,ablation_no_decomposition,True,0.0918,0,0.0919,0.0029
,1,h_c_security,compound,,DOC_14:S3 DOC_14:S2,2,2,False,0,True,7.3,new_request,0,RETRIEVE,0,2,0,True,3,1,new_request,False,,3,2,2,315.63,0,3,1.4487,0.72,1,2.4,"How should confidential data be shared outside the company, and how fast must a breach be reported?",0,2,0.19,ablation_no_decomposition,True,0.0021,0,0.0021,0.0039
,1,h_c_catering,compound,,DOC_06:S2 DOC_06:S4,2,2,False,0,True,8.1,new_request,0,RETRIEVE,0,2,0,True,4,1,new_request,False,,4,2,2,459.48,0,4,1.6157,1.39,1,2.9,"What's the lead time for catering for 60 guests, and what's the per head budget for a customer workshop?",0,2,0.1,ablation_no_decomposition,True,0.0015,0,0.0015,0.0127
,1,h_c_hinjewadi,compound,,,0,0,False,0,True,9.7,new_request,0,RETRIEVE,1,2,0,True,4,1,new_request,False,,3,1,2,460.8,0,3,1.3566,1.05,1,2.36,"I'm planning a design sprint in Hinjewadi; can we serve hot lunch there, and what's the refund if we cancel three days before?",0,0,0.02,ablation_no_decomposition,True,0.0017,0,0.0017,0.0081
,1,h_c_leave,compound,,DOC_11:S3 DOC_11:S1,2,2,False,1,True,8.5,new_request,0,RETRIEVE,0,2,0,True,4,1,new_request,True,,4,2,2,477.43,0,4,1.696,1.09,1,2.91,"How many weeks of leave does a secondary caregiver get, and how many annual leave days can I carry forward?",0,2,0.18,ablation_no_decomposition,True,0.0021,0,0.0022,0.0126
,1,h_c_cross_doc,compound,,DOC_04:S2 DOC_16:S1,2,2,False,0,True,6.5,new_request,0,RETRIEVE,0,2,0,True,3,1,new_request,False,,3,2,2,217.98,0,3,1.2937,0.94,1,2.17,"Which Bengaluru venue seats 30, and do customer visitors need to be registered in advance?",0,2,0.11,ablation_no_decomposition,True,0.0017,0,0.0017,0.0093
True,1,h_c_partial,compound_partial,,,0,0,,0,True,6.5,new_request,0,RETRIEVE,0,1,0,True,3,1,new_request,False,,2,1,1,314.59,0,2,1.2956,0.52,1,1.37,"What's the international per diem, and which hotel chain do we have a discount with?",0,0,139.64,ablation_no_decomposition,True,0.1418,0,0.1418,0.0085
,1,h_c_three,compound,,,0,0,False,0,True,9.7,new_request,0,RETRIEVE,0,3,0,True,3,1,new_request,False,,3,3,3,484.93,0,3,1.9314,1.01,1,2.27,"How long do laptops last before replacement, how much is the home office allowance, and can I work from abroad for three weeks?",0,0,0.02,ablation_no_decomposition,True,0.0021,0,0.0021,0.0066
,1,h_r_flight_germany,refinement,,DOC_01:S2 DOC_01:S4,1,2,,1,True,2.9,new_request,0,RETRIEVE,1,1,0,True,2,1,new_request,False,,1,1,1,169.25,0,1,0.3317,0.17,1,0.77,What's the rule for booking flights?,0,2,0.18,ablation_no_decomposition,True,0.0018,0,0.0018,0.0108
,2,h_r_flight_germany,refinement,1.0,DOC_01:S2 DOC_01:S4,1,2,,,False,2.9,refinement,0,RETRIEVE,,1,0,True,2,1,refinement,,1,0,1,1,168.59,0,1,-0.0018,0.16,0,0.51,"Oh, it's a flight to Germany.",0,2,128.44,ablation_no_decomposition,True,0.3003,1,0.3003,0.0023
,1,h_r_seventy_attendees,refinement,,DOC_03:S4 DOC_07:S1,1,2,,0,True,4.5,new_request,0,RETRIEVE,0,1,0,True,2,1,new_request,False,,2,1,1,236.32,0,2,0.9033,0.6,1,1.54,What venues can I use for an event in Pune?,0,2,0.21,ablation_no_decomposition,True,0.0022,0,0.0022,0.0154
,2,h_r_seventy_attendees,refinement,1.0,DOC_03:S4 DOC_07:S1,0,2,,,False,2.5,refinement,0,RETRIEVE,,1,0,True,2,1,refinement,,1,0,1,1,109.75,0,1,-0.0012,0.16,0,0.57,We'll have around seventy attendees.,0,2,70.38,ablation_no_decomposition,True,0.1831,1,0.1831,0.0079
,1,h_r_gluten,refinement,,DOC_06:S4 DOC_06:S1,1,2,,0,True,3.3,new_request,0,RETRIEVE,0,1,0,True,2,1,new_request,False,,2,1,1,224.34,0,2,0.6563,0.56,1,1.56,How does catering work for our events?,0,2,0.15,ablation_no_decomposition,True,0.0022,0,0.0023,0.0105
,2,h_r_gluten,refinement,1.0,DOC_06:S4 DOC_06:S1,0,2,,,True,2.9,refinement,0,RETRIEVE,1,1,0,True,2,1,refinement,,1,1,1,1,112.61,0,1,0.3263,0.33,1,0.98,A few guests are gluten intolerant.,0,2,0.11,ablation_no_decomposition,True,0.0024,1,0.0024,0.0067
,1,h_r_dollars,refinement,,DOC_09:S2,1,2,,1,True,2.5,new_request,0,RETRIEVE,1,1,0,True,2,1,new_request,False,,1,1,1,151.22,0,1,0.3277,0.34,1,1.09,Who approves my expense claim?,0,2,0.18,ablation_no_decomposition,True,0.0019,0,0.002,0.0065
,2,h_r_dollars,refinement,1.0,DOC_09:S2,0,2,,,False,3.3,refinement,0,RETRIEVE,,1,0,True,2,1,refinement,,1,0,1,1,166.88,0,1,-0.0026,0.46,0,1.11,Some of it was paid in dollars.,0,2,100.06,ablation_no_decomposition,True,0.2715,1,0.2716,0.0074
,1,h_r_customer_data,refinement,,DOC_12:S3 DOC_12:S2,1,2,,1,True,3.3,new_request,0,RETRIEVE,1,1,0,True,2,1,new_request,False,,1,1,1,129.38,0,1,0.3304,0.17,1,0.9,How do I report a lost laptop?,0,2,0.22,ablation_no_decomposition,True,0.0028,0,0.0029,0.0077
,2,h_r_customer_data,refinement,1.0,DOC_12:S3 DOC_12:S2 DOC_14:S1 DOC_08:S3,1,4,,,True,2.9,refinement,0,RETRIEVE,0,1,0,True,2,1,refinement,,1,1,1,1,112.77,0,1,0.5684,0.33,1,1.06,It had customer data on it.,0,4,0.3,ablation_no_decomposition,True,0.0024,1,0.0025,0.0101
,1,h_r_dubai,refinement,,DOC_13:S3 DOC_13:S1,1,2,,,True,2.1,new_request,0,RETRIEVE,0,1,0,True,1,1,new_request,,,1,1,1,97.71,0,1,0.4139,0.25,1,1.0,Can I work remotely?,0,2,0.18,ablation_no_decomposition,True,0.0031,0,0.0032,0.0089
,2,h_r_dubai,refinement,1.0,DOC_13:S3 DOC_13:S1,1,2,,,True,3.7,refinement,0,RETRIEVE,1,1,0,True,2,1,refinement,,1,1,1,1,168.16,0,1,0.4834,0.17,1,0.78,I'd be working from Dubai for a month.,0,2,0.09,ablation_no_decomposition,True,0.0021,1,0.0022,0.0049
,1,h_r_twelve_days,refinement,,,0,0,,1,True,5.7,new_request,0,RETRIEVE,1,1,0,True,2,1,new_request,False,,1,0,0,166.87,0,1,0.6401,0.35,1,1.18,Tell me what money we lose when a venue booking is called off.,0,0,0.02,ablation_no_decomposition,True,0.0022,0,0.0022,0.0126
,2,h_r_twelve_days,refinement,,,0,0,,,True,3.7,refinement,0,RETRIEVE,1,1,0,True,2,1,refinement,,1,1,0,0,160.72,0,1,0.4786,0.3,1,0.98,It would be just under two weeks out.,0,0,0.06,ablation_no_decomposition,True,0.0033,1,0.0033,0.0024
,1,h_s_one_line,suppression,,DOC_08:S3,1,2,,1,True,3.7,new_request,0,RETRIEVE,1,1,0,True,2,1,new_request,False,,1,1,1,124.04,0,1,0.4058,0.21,1,0.9,What are the rules on customer attendee data?,0,2,0.19,ablation_no_decomposition,True,0.0025,0,0.0026,0.0057
,1,h_s_one_line,suppression,,DOC_08:S3,0,,,,False,2.5,presentation,0,SUPPRESS,,0,0,False,2,0,presentation,,,0,0,0,0,0,0,,0,0,0,,0,,0.0,ablation_no_decomposition,True,0.0005,1,0.0005,0.0052
,1,h_s_list,suppression,,DOC_03:S2 DOC_03:S3,1,2,,,True,2.9,new_request,0,RETRIEVE,0,1,0,True,1,1,new_request,,,1,1,1,132.51,0,1,0.5778,0.37,1,1.11,What does the Koregaon hall offer?,0,2,0.4,ablation_no_decomposition,True,0.0035,0,0.0035,0.011
,1,h_s_list,suppression,,DOC_03:S2 DOC_03:S3,0,,,,False,3.7,presentation,0,SUPPRESS,,0,0,False,2,0,presentation,,,0,0,0,0,0,0,,0,0,0,,0,,0.0,ablation_no_decomposition,True,0.0005,1,0.0005,0.0055
,1,h_s_briefly,suppression,,DOC_09:S2,1,2,,0,True,3.7,new_request,0,RETRIEVE,0,1,0,True,2,1,new_request,False,,2,1,1,319.08,0,2,0.731,0.82,1,2.35,How does the approval workflow for claims work?,0,2,0.19,ablation_no_decomposition,True,0.0023,0,0.0023,0.0058
,1,h_s_briefly,suppression,,DOC_09:S2,0,,,,False,2.9,presentation,0,SUPPRESS,,0,0,False,2,0,presentation,,,0,0,0,0,0,0,,0,0,0,,0,,0.0,ablation_no_decomposition,True,0.0005,1,0.0005,0.0084
,1,h_s_reword_customer,suppression,,DOC_01:S3 DOC_01:S2,0,2,,1,True,3.7,new_request,0,RETRIEVE,1,1,0,True,2,1,new_request,False,,1,1,1,175.28,0,1,0.4009,0.3,1,1.14,What can't I claim on a business trip?,0,2,137.32,ablation_no_decomposition,True,0.1399,0,0.1399,0.0089
,1,h_s_reword_customer,suppression,,DOC_01:S2 DOC_01:S3,0,,,,False,3.7,presentation,0,SUPPRESS,,0,0,False,2,0,presentation,,,0,0,0,0,0,0,,0,0,0,,0,,0.0,ablation_no_decomposition,True,0.0005,1,0.0005,0.0098
,1,h_s_hear_again,suppression,,DOC_14:S1,1,2,,,True,2.5,new_request,0,RETRIEVE,0,1,0,True,1,1,new_request,,,1,1,1,126.87,0,1,0.4949,0.32,1,1.09,What are the data classes?,0,2,0.16,ablation_no_decomposition,True,0.0023,0,0.0023,0.0119
,1,h_s_hear_again,suppression,,DOC_14:S1,0,,,,False,3.3,presentation,0,SUPPRESS,,0,0,False,2,0,presentation,,,0,0,0,0,0,0,,0,0,0,,0,,0.0,ablation_no_decomposition,True,0.0005,1,0.0005,0.0081
,0,h_chitchat_thanks,chitchat,,,0,,,,False,2.1,chitchat,0,SUPPRESS,,0,0,False,2,0,chitchat,,,0,0,0,0,0,0,,0,0,0,,0,,0.0,ablation_no_decomposition,True,0.0005,0,0.0005,0.0132
,1,h_chitchat_morning,chitchat,,,0,0,,,False,2.5,chitchat,0,RETRIEVE,,0,0,False,2,1,new_request,,,0,0,0,120.97,0,1,-0.0012,0.42,0,0.88,Morning! How's your day going?,0,0,61.98,ablation_no_decomposition,True,0.1861,0,0.1861,0.0134
,0,h_presentation_no_prior,suppression,,,0,,,,False,3.3,presentation,0,SUPPRESS,,0,0,False,2,0,presentation,,,0,0,0,0,0,0,,0,0,0,,0,,0.0,ablation_no_decomposition,True,0.0004,0,0.0004,0.0089
,1,h_switch_visitors,topic_switch,,DOC_11:S2 DOC_11:S1,1,2,,,True,3.3,new_request,0,RETRIEVE,0,1,0,True,1,1,new_request,,,1,1,1,165.63,0,1,0.6573,0.28,1,1.08,How much sick leave do I get?,0,2,0.11,ablation_no_decomposition,True,0.0028,0,0.0028,0.0108
,2,h_switch_visitors,topic_switch,,DOC_16:S1 DOC_08:S3,1,2,,1,True,3.7,new_request,0,RETRIEVE,1,1,0,True,2,1,new_request,False,,1,1,1,168.13,0,1,0.558,0.5,1,1.07,"Different question, how early must visitors be registered?",0,2,0.32,ablation_no_decomposition,True,0.002,1,0.0021,0.0036
,1,h_switch_laptops,topic_switch,,DOC_07:S1 DOC_03:S4,1,2,,,True,3.7,new_request,0,RETRIEVE,0,1,0,True,1,1,new_request,,,1,1,1,129.74,0,1,0.7318,0.36,1,0.96,Which food vendors can we book in Pune?,0,2,96.58,ablation_no_decomposition,True,0.0983,0,0.0983,0.0072
,2,h_switch_laptops,topic_switch,,,0,0,,1,True,4.5,new_request,0,RETRIEVE,1,1,0,True,2,1,new_request,False,,1,1,1,149.28,0,1,0.8123,0.22,1,0.85,"Unrelated, after how many years do we get new computers?",0,0,0.03,ablation_no_decomposition,True,0.0023,1,0.0023,0.0144
True,1,h_i_salary,insufficient,,,0,0,,,False,2.5,new_request,0,RETRIEVE,,0,0,True,2,1,new_request,,,0,0,0,156.25,0,1,-0.001,0.15,0,0.56,What's the annual salary increment?,0,0,53.19,ablation_no_decomposition,True,0.2121,0,0.2121,0.0115
True,1,h_i_coffee,insufficient,,,0,0,,,True,3.7,new_request,0,RETRIEVE,1,0,0,True,2,1,new_request,,,1,0,0,128.02,0,1,0.407,0.3,1,1.11,Is there free coffee in the Pune office?,0,0,0.02,ablation_no_decomposition,True,0.0015,0,0.0015,0.01
False,1,h_i_domestic_meals,insufficient,,DOC_01:S3 DOC_01:S1,0,2,,,True,3.7,new_request,0,RETRIEVE,0,0,0,True,2,1,new_request,,,2,0,0,306.26,0,2,0.7332,0.72,1,1.91,What is the meal allowance for domestic trips?,0,2,136.58,ablation_no_decomposition,True,0.1388,0,0.1388,0.0081
True,1,h_i_events_head,insufficient,,,0,0,,,True,3.7,new_request,0,RETRIEVE,1,0,0,True,2,1,new_request,,,1,0,0,111.57,0,1,0.4058,0.29,1,1.02,Who is the head of the Events desk?,0,0,0.01,ablation_no_decomposition,True,0.0015,0,0.0015,0.0077
False,1,h_i_baner_parking,insufficient,,DOC_03:S3,0,1,,,True,4.1,new_request,0,RETRIEVE,1,0,0,True,2,1,new_request,,,1,0,0,143.17,0,1,0.4876,0.18,1,1.14,How many parking spots does Baner Conference Centre have?,0,1,0.09,ablation_no_decomposition,True,0.004,0,0.004,0.0074
,1,h_economy_rule,single,,DOC_01:S2,1,1,,2,True,6.5,new_request,0,RETRIEVE,2,1,0,True,3,1,new_request,False,,1,1,1,158.61,0,1,0.6209,0.03,1,17.79,flying to Tokyo for a client meeting what are the rules on economy class,0,1,0.28,ablation_rule_controller,True,0.0026,0,0.0026,0.0046
,1,h_speeding_ticket,single,,DOC_01:S2 DOC_01:S5,1,2,,1,True,6.9,new_request,0,RETRIEVE,3,1,0,True,4,2,new_request,False,,2,1,1,386.36,0,2,0.3595,0.07,2,43.45,happens if I get a speeding ticket on a business trip | reimbursed,0,2,224.49,ablation_rule_controller,True,0.2665,0,0.2665,0.0044
,1,h_minibar,single,,DOC_01:S5 DOC_01:S2,1,2,,1,True,4.1,new_request,0,RETRIEVE,2,1,0,True,3,1,new_request,False,,1,1,1,165.67,0,1,0.3948,0.04,1,14.57,someone reimburse the minibar charges from my hotel,0,2,134.94,ablation_rule_controller,True,0.1368,0,0.1369,0.007
,1,h_lost_taxi_receipt,single,,,0,0,,0,False,5.7,new_request,0,RETRIEVE,,1,0,True,3,1,new_request,False,,0,1,1,166.77,0,1,-0.0167,0.05,0,16.44,lost a taxi receipt worth about twenty dollars what can I do,0,0,100.13,ablation_rule_controller,True,0.285,0,0.285,0.0007
,1,h_baner_biggest_room,single,,DOC_03:S3,1,2,,2,True,4.5,new_request,0,RETRIEVE,2,1,0,True,3,1,new_request,False,,1,1,1,126.27,0,1,0.3806,0.04,1,14.03,big is the biggest room at the Baner centre,0,2,0.12,ablation_rule_controller,True,0.001,0,0.0011,0.0008
,1,h_koregaon_wheelchair,single,,DOC_03:S2,1,2,,0,True,3.7,new_request,0,RETRIEVE,1,1,0,True,2,1,new_request,False,,1,1,1,121.14,0,1,0.3769,0.03,1,18.35,Koregaon venue accessible for wheelchair users,0,2,0.2,ablation_rule_controller,True,0.0016,0,0.0016,0.0089
,1,h_baner_deposit,single,,DOC_03:S3,1,2,,1,True,5.3,new_request,0,RETRIEVE,2,1,0,True,3,1,new_request,False,,1,1,1,133.25,0,1,0.3148,0.02,1,14.1,pay a deposit when booking Baner Conference Centre,0,2,0.14,ablation_rule_controller,True,0.0011,0,0.0011,0.0132
,1,h_internal_food_budget,single,,DOC_06:S2,1,2,,1,True,6.5,new_request,0,RETRIEVE,2,1,0,True,3,1,new_request,False,,1,1,1,143.25,0,1,0.6302,0.03,1,12.76,much does the company spend on food per person for an internal team event,0,2,0.2,ablation_rule_controller,True,0.0016,0,0.0016,0.0074
,1,h_vegetarian,single,,DOC_06:S3,1,2,,0,True,3.7,new_request,0,RETRIEVE,1,1,0,True,3,1,new_request,False,,2,1,1,323.04,0,2,0.4537,0.05,1,29.3,vegetarian food always included in catering orders,0,2,0.21,ablation_rule_controller,True,0.0454,0,0.0454,0.0058
,1,h_legal_review,single,,DOC_08:S2,1,2,,1,True,6.1,new_request,0,RETRIEVE,1,1,0,True,3,1,new_request,False,,2,1,1,282.97,0,2,0.8637,0.06,1,27.31,customer workshop that sponsors customer travel need legal to look at it,0,2,0.18,ablation_rule_controller,True,0.0016,0,0.0016,0.0102
,1,h_feedback_survey,single,,DOC_08:S4,1,2,,0,True,4.5,new_request,0,RETRIEVE,1,1,0,True,2,1,new_request,False,,1,1,1,112.92,0,1,0.4545,0.03,1,15.41,feedback survey go out after a workshop,0,2,0.26,ablation_rule_controller,True,0.0027,0,0.0027,0.0051
,0,h_rejected_claim,single,,,0,,,0,False,5.7,new_request,0,SUPPRESS,,1,0,True,3,0,presentation,False,,0,0,0,0,0,0,,0,0,0,,0,,0.0,ablation_rule_controller,True,0.0001,0,0.0001,0.0078
,1,h_audit_share,single,,DOC_09:S2 DOC_09:S4,1,2,,1,True,4.1,new_request,0,RETRIEVE,1,1,0,True,3,1,new_request,False,,2,1,1,319.54,0,2,0.4466,0.06,1,28.87,percentage of claims does Finance audit every month,0,2,0.24,ablation_rule_controller,True,0.0157,0,0.0157,0.0025
,1,h_unreconciled,single,,DOC_10:S3,1,2,,1,True,4.9,new_request,0,RETRIEVE,2,1,0,True,3,1,new_request,False,,1,1,1,176.87,0,1,0.4817,0.04,1,17.28,happens if my card transactions stay unreconciled for two months,0,2,0.28,ablation_rule_controller,True,0.0028,0,0.0028,0.015
,1,h_rollover_days,single,,DOC_11:S1,1,2,,0,True,4.5,new_request,0,RETRIEVE,0,1,0,True,2,1,new_request,False,,2,1,1,201.62,0,2,0.9031,0.07,1,25.6,many unused leave days roll over into next year,0,2,0.4,ablation_rule_controller,True,0.0024,0,0.0026,0.0146
,1,h_non_eng_laptop,single,,DOC_12:S1,1,1,,1,True,5.3,new_request,0,RETRIEVE,2,1,0,True,3,1,new_request,False,,1,1,1,113.43,0,1,0.4688,0.03,1,15.32,much memory will my laptop have if I'm not in engineering,0,1,0.12,ablation_rule_controller,True,0.0017,0,0.0017,0.0115
,1,h_stolen_phone,single,,DOC_12:S3,1,1,,1,False,5.7,new_request,0,RETRIEVE,,1,0,True,3,1,new_request,False,,0,1,1,98.07,0,1,-0.0159,0.03,0,15.68,soon do I need to tell IT that my device was stolen,0,1,49.55,ablation_rule_controller,True,0.1647,0,0.1648,0.0093
,1,h_probation_wfh,single,,,0,0,,1,True,4.1,new_request,0,RETRIEVE,2,1,0,True,3,1,new_request,False,,1,1,1,100.09,0,1,0.3132,0.03,1,14.33,new hires still on probation work from home,0,0,0.07,ablation_rule_controller,True,0.0023,0,0.0023,0.01
,1,h_personal_laptop,single,,,0,0,,1,True,4.9,new_request,0,RETRIEVE,2,1,0,True,3,1,new_request,False,,1,1,1,131.28,0,1,0.3904,0.02,1,15.37,copy confidential files onto my personal laptop,0,0,0.04,ablation_rule_controller,True,0.0025,0,0.0025,0.0131
,1,h_long_booking,single,,DOC_15:S1 DOC_15:S3,1,2,,0,True,6.1,new_request,0,RETRIEVE,1,1,0,True,3,1,new_request,False,,2,1,1,328.91,0,2,0.6954,0.06,1,30.22,long can a meeting room be booked before facilities needs to approve it,0,2,0.2,ablation_rule_controller,True,0.0017,0,0.0017,0.0084
,1,h_late_checkin,single,,DOC_15:S1 DOC_15:S3,1,2,,0,True,6.1,new_request,0,RETRIEVE,0,1,0,True,3,1,new_request,False,,3,1,1,484.5,0,3,1.2119,0.1,1,47.24,long is a booked meeting room held if we're late to check in,0,2,0.36,ablation_rule_controller,True,0.0031,0,0.0031,0.0099
,1,h_guest_accompany,single,,DOC_16:S3 DOC_16:S1,1,2,,1,True,4.5,new_request,0,RETRIEVE,2,1,0,True,3,1,new_request,False,,1,1,1,94.39,0,1,0.3101,0.03,1,16.08,customer guests have to be accompanied inside secure areas,0,2,0.16,ablation_rule_controller,True,0.0016,0,0.0016,0.0135
,1,h_short_parental,single_short,,DOC_11:S3 DOC_11:S2,1,2,,,False,1.3,new_request,0,RETRIEVE,,1,0,True,1,1,new_request,,,0,1,1,83.73,0,1,-0.0284,0.03,0,12.82,Parental leave,0,2,43.62,ablation_rule_controller,True,0.157,0,0.1571,0.0004
,1,h_short_stolen,single_short,,,0,0,,,False,1.3,new_request,0,RETRIEVE,,1,0,True,1,1,new_request,,,0,1,1,81.64,0,1,-0.0263,0.02,0,14.35,Laptop stolen,0,0,42.59,ablation_rule_controller,True,0.1519,0,0.1519,0.0037
,1,h_long_rambling,single_long,,DOC_01:S4 DOC_03:S5,1,2,,3,True,16.1,new_request,0,RETRIEVE,0,1,0,True,4,1,new_request,True,,2,1,1,305.35,0,2,3.2133,0.07,1,33.68,team lead is out this week I'm covering there's this whole mess with the quarterly numbers what I actually need to know is how many days ahead I should book a domestic flight,0,2,0.38,ablation_rule_controller,True,0.0024,0,0.0025,0.0083
,1,h_ambiguous_approval,ambiguous,,,0,0,,,False,2.5,new_request,0,RETRIEVE,,1,0,True,2,1,new_request,,,0,1,1,148.71,0,1,-0.0111,0.02,0,10.93,approval I need,0,0,54.91,ablation_rule_controller,True,0.2161,0,0.2161,0.0121
,1,h_para_venue_closes,paraphrase,,,0,0,,0,False,5.7,new_request,0,RETRIEVE,,1,0,True,2,1,new_request,False,,0,1,1,140.28,0,1,-0.0168,0.02,0,16.61,venue itself closes down do we still get our money back,0,0,72.75,ablation_rule_controller,True,0.2312,0,0.2312,0.0041
,1,h_para_move_date,paraphrase,,DOC_05:S3 DOC_05:S5,1,2,,0,True,4.9,new_request,0,RETRIEVE,1,1,0,True,2,1,new_request,False,,1,1,1,127.84,0,1,0.4552,0.04,1,13.77,move the event date instead of cancelling it outright,0,2,0.17,ablation_rule_controller,True,0.0015,0,0.0016,0.0071
,1,h_conflict_filing_window,contradictory,,DOC_01:S2,1,2,,1,True,6.5,new_request,0,RETRIEVE,2,1,0,True,3,1,new_request,False,,1,1,1,180.74,0,1,0.5506,0.04,1,13.17,much time do I have to file expenses after coming back from a trip,0,2,148.28,ablation_rule_controller,True,0.1505,0,0.1505,0.0024
,1,h_conflict_late_signoff,contradictory,,,0,0,,1,True,5.3,new_request,0,RETRIEVE,1,1,0,True,3,1,new_request,False,,2,1,1,346.51,0,2,0.7575,0.1,1,36.47,signs off on a flight booked after the trip already happened,0,0,125.84,ablation_rule_controller,True,0.127,0,0.127,0.003
,1,h_duplicate_outside_caterer,duplicate,,DOC_07:S2 DOC_07:S1 DOC_03:S2,1,4,,0,True,6.1,new_request,0,RETRIEVE,1,1,0,True,2,2,new_request,False,,2,1,1,249.94,0,2,0.6798,0.07,2,19.35,hire an outside caterer | use the venue's own kitchen,0,4,132.08,ablation_rule_controller,True,0.1338,0,0.1338,0.0016
,1,h_c_training_day,compound,,,0,0,False,0,True,9.3,new_request,0,RETRIEVE,0,2,0,True,4,1,new_request,False,,4,2,2,445.38,0,4,1.8523,0.13,1,66.88,training day in Pune with about 50 people which venue fits and how early do I need to request it,0,0,0.01,ablation_rule_controller,True,0.0014,0,0.0014,0.0054
,1,h_c_card,compound,,,0,0,True,0,True,9.7,new_request,0,RETRIEVE,2,2,0,True,3,2,new_request,False,,2,2,2,318.84,0,2,0.782,0.06,2,24.11,qualifies for a company credit card | ceiling on money I can take out at ATMs on international trips,0,0,108.78,ablation_rule_controller,True,0.1108,0,0.1108,0.0044
,1,h_c_claims_pay_fx,compound,,DOC_09:S3,1,1,False,0,True,6.5,new_request,0,RETRIEVE,0,2,0,True,3,1,new_request,False,,3,2,2,464.52,0,3,1.295,0.11,1,38.41,expense claims paid out at what exchange rate are foreign purchases converted,0,1,0.13,ablation_rule_controller,True,0.0022,0,0.0023,0.0087
,1,h_c_security,compound,,DOC_14:S2 DOC_14:S1,1,2,True,0,True,7.3,new_request,0,RETRIEVE,0,2,0,True,3,2,new_request,False,,3,2,2,333.39,0,3,1.4591,0.1,2,43.71,confidential data be shared outside the company | fast must a breach be reported Confidential,0,2,0.25,ablation_rule_controller,True,0.0021,0,0.0022,0.0126
,1,h_c_catering,compound,,DOC_06:S4 DOC_06:S2 DOC_08:S2,2,4,True,0,True,8.1,new_request,0,RETRIEVE,0,2,0,True,4,2,new_request,False,,4,2,2,457.05,0,4,1.6178,0.09,2,51.75,lead time for catering for 60 guests | per head budget for a customer workshop,0,4,0.2,ablation_rule_controller,True,0.0015,0,0.0015,0.013
,1,h_c_hinjewadi,compound,,DOC_03:S4 DOC_05:S3 DOC_05:S2,2,4,True,0,True,9.7,new_request,0,RETRIEVE,0,2,0,True,4,2,new_request,False,,4,2,2,552.03,0,4,1.9266,0.14,2,56.62,planning a design sprint in Hinjewadi can we serve hot lunch there | refund if we cancel three days before,0,4,0.88,ablation_rule_controller,True,0.0059,0,0.006,0.0039
,1,h_c_leave,compound,,DOC_11:S3 DOC_11:S1 DOC_11:S2,2,4,True,1,True,8.5,new_request,0,RETRIEVE,1,2,0,True,4,2,new_request,False,,3,2,2,393.5,0,3,1.2533,0.08,2,39.58,many weeks of leave does a secondary caregiver get | many annual leave days can I carry forward,0,4,0.52,ablation_rule_controller,True,0.0039,0,0.004,0.0063
,1,h_c_cross_doc,compound,,DOC_04:S2 DOC_04:S3 DOC_16:S1 DOC_08:S3,2,4,True,0,True,6.5,new_request,0,RETRIEVE,0,2,0,True,3,2,new_request,False,,3,2,2,224.62,0,3,1.2924,0.12,2,37.23,Bengaluru venue seats 30 | customer visitors need to be registered in advance Bengaluru,0,4,0.59,ablation_rule_controller,True,0.0023,0,0.0024,0.0075
True,1,h_c_partial,compound_partial,,DOC_01:S3 DOC_10:S2,1,2,,0,True,6.5,new_request,0,RETRIEVE,0,1,0,True,3,2,new_request,False,,2,1,1,307.31,0,2,1.2897,0.07,2,48.88,international per diem | hotel chain do we have a discount with,0,2,81.36,ablation_rule_controller,True,0.1013,0,0.1013,0.0106
,1,h_c_three,compound,,DOC_12:S2 DOC_12:S1 DOC_13:S2 DOC_11:S1 DOC_13:S3 DOC_13:S1,3,6,True,0,True,9.7,new_request,0,RETRIEVE,0,3,0,True,3,3,new_request,False,,3,3,3,371.21,0,3,1.931,0.09,3,35.09,long do laptops last before replacement | much is the home office allowance | work from abroad for three weeks,0,6,44.35,ablation_rule_controller,True,0.0461,0,0.0461,0.0034
,1,h_r_flight_germany,refinement,,DOC_01:S2 DOC_01:S4,1,2,,1,True,2.9,new_request,0,RETRIEVE,1,1,0,True,2,1,new_request,False,,1,1,1,151.23,0,1,0.3081,0.03,1,11.18,rule for booking flights,0,2,0.69,ablation_rule_controller,True,0.0026,0,0.0027,0.0146
,2,h_r_flight_germany,refinement,0.0,,0,0,,,False,2.9,refinement,0,RETRIEVE,,1,0,True,2,1,new_request,,1,0,1,1,160.31,1,1,-0.0129,0.02,0,12.7,Oh it's a flight to Germany,0,0,125.69,ablation_rule_controller,True,0.2999,1,0.2999,0.0049
,1,h_r_seventy_attendees,refinement,,DOC_03:S1,1,2,,0,True,4.5,new_request,0,RETRIEVE,1,1,0,True,2,1,new_request,False,,1,1,1,129.05,0,1,0.477,0.04,1,11.16,venues can I use for an event in Pune,0,2,75.94,ablation_rule_controller,True,0.0769,0,0.0769,0.0139
,2,h_r_seventy_attendees,refinement,0.0,,0,0,,,False,2.5,refinement,0,RETRIEVE,,1,0,True,2,1,new_request,,1,0,1,1,122.48,1,1,-0.0116,0.02,0,11.43,We'll have around seventy attendees,0,0,69.46,ablation_rule_controller,True,0.2044,1,0.2044,0.0023
,1,h_r_gluten,refinement,,DOC_06:S4 DOC_06:S1,1,2,,0,True,3.3,new_request,0,RETRIEVE,1,1,0,True,2,1,new_request,False,,1,1,1,118.83,0,1,0.2932,0.03,1,15.55,catering work for our events,0,2,0.11,ablation_rule_controller,True,0.0011,0,0.0011,0.0082
,2,h_r_gluten,refinement,0.0,,0,0,,,False,2.9,refinement,0,RETRIEVE,,1,0,True,2,1,new_request,,1,0,1,1,128.06,1,1,-0.0142,0.02,0,14.01,guests are gluten intolerant,0,0,46.46,ablation_rule_controller,True,0.1902,1,0.1902,0.0118
,1,h_r_dollars,refinement,,DOC_09:S2 DOC_09:S1,1,2,,1,True,2.5,new_request,0,RETRIEVE,1,1,0,True,2,1,new_request,False,,1,1,1,157.2,0,1,0.3077,0.03,1,11.78,approves my expense claim,0,2,0.24,ablation_rule_controller,True,0.0016,0,0.0017,0.0078
,2,h_r_dollars,refinement,0.0,,0,0,,,False,3.3,refinement,0,RETRIEVE,,1,0,True,2,1,new_request,,1,0,1,1,151.74,1,1,-0.0123,0.02,0,12.1,paid in dollars,0,0,87.13,ablation_rule_controller,True,0.2525,1,0.2525,0.0098
,1,h_r_customer_data,refinement,,DOC_12:S3 DOC_12:S2,1,2,,1,True,3.3,new_request,0,RETRIEVE,1,1,0,True,2,1,new_request,False,,1,1,1,126.86,0,1,0.3096,0.02,1,11.79,report a lost laptop,0,2,0.12,ablation_rule_controller,True,0.0013,0,0.0013,0.0091
,2,h_r_customer_data,refinement,0.0,DOC_14:S1 DOC_08:S3,1,2,,,False,2.9,refinement,0,RETRIEVE,,1,0,True,2,1,new_request,,1,0,1,1,104.14,1,1,-0.011,0.02,0,10.82,customer data on it,0,2,57.26,ablation_rule_controller,True,0.1737,1,0.1737,0.0061
,1,h_r_dubai,refinement,,DOC_13:S3 DOC_13:S1,1,2,,,False,2.1,new_request,0,RETRIEVE,,1,0,True,1,1,new_request,,,0,1,1,75.89,0,1,-0.0247,0.02,0,12.92,work remotely,0,2,33.72,ablation_rule_controller,True,0.1355,0,0.1356,0.0134
,2,h_r_dubai,refinement,0.0,,0,0,,,False,3.7,refinement,0,RETRIEVE,,1,0,True,2,1,new_request,,1,0,1,1,169.14,1,1,-0.0139,0.02,0,13.61,I'd be working from Dubai for a month,0,0,42.63,ablation_rule_controller,True,0.2268,1,0.2268,0.014
,1,h_r_twelve_days,refinement,,,0,0,,1,False,5.7,new_request,0,RETRIEVE,,1,0,True,2,1,new_request,False,,0,0,0,156.53,0,1,-0.0129,0.03,0,12.6,money we lose when a venue booking is called off,0,0,58.76,ablation_rule_controller,True,0.2295,0,0.2295,0.008
,2,h_r_twelve_days,refinement,,,0,0,,,False,3.7,refinement,0,RETRIEVE,,1,0,True,2,1,new_request,,1,0,0,1,120.83,1,1,-0.0138,0.02,0,13.63,two weeks out,0,0,38.68,ablation_rule_controller,True,0.1741,1,0.1741,0.014
,1,h_s_one_line,suppression,,DOC_08:S3,1,2,,1,True,3.7,new_request,0,RETRIEVE,1,1,0,True,2,1,new_request,False,,1,1,1,107.63,0,1,0.3885,0.02,1,12.81,rules on customer attendee data,0,2,0.15,ablation_rule_controller,True,0.0017,0,0.0018,0.0087
,2,h_s_one_line,suppression,,,0,0,,,False,2.5,presentation,0,RETRIEVE,,0,0,False,2,1,new_request,,,0,0,0,125.87,1,1,-0.0102,0.04,0,9.98,Summarise that in one line,0,0,87.7,ablation_rule_controller,True,0.225,1,0.225,0.0109
,1,h_s_list,suppression,,DOC_03:S2,1,1,,,True,2.9,new_request,0,RETRIEVE,0,1,0,True,1,1,new_request,,,1,1,1,131.66,0,1,0.5732,0.03,1,12.89,Koregaon hall offer,0,1,0.09,ablation_rule_controller,True,0.0112,0,0.0112,0.006
,2,h_s_list,suppression,,,0,0,,,False,3.7,presentation,0,RETRIEVE,,0,0,False,2,1,new_request,,,0,0,0,132.89,1,1,-0.0122,0.03,0,12.11,key points as a list,0,0,66.44,ablation_rule_controller,True,0.2129,1,0.2129,0.0112
,1,h_s_briefly,suppression,,DOC_09:S2,1,2,,0,True,3.7,new_request,0,RETRIEVE,1,1,0,True,2,1,new_request,False,,1,1,1,98.66,0,1,0.3038,0.03,1,11.59,approval workflow for claims work,0,2,0.14,ablation_rule_controller,True,0.0015,0,0.0015,0.013
,1,h_s_briefly,suppression,,,0,,,,False,2.9,presentation,0,SUPPRESS,,0,0,False,2,0,chitchat,,,0,0,0,0,0,0,,0,0,0,,0,,0.0,ablation_rule_controller,True,0.0001,1,0.0001,0.0097
,1,h_s_reword_customer,suppression,,DOC_01:S2 DOC_01:S3,0,2,,1,True,3.7,new_request,0,RETRIEVE,1,1,0,True,2,1,new_request,False,,1,0,0,166.78,0,1,0.378,0.03,1,14.82,can't I claim on a business trip,0,2,117.95,ablation_rule_controller,True,0.12,0,0.1201,0.0098
,2,h_s_reword_customer,suppression,,,0,0,,,False,3.7,presentation,0,RETRIEVE,,0,0,False,2,1,new_request,,,0,0,0,122.68,1,1,-0.0138,0.02,0,13.54,Reword that so a customer could understand it,0,0,74.34,ablation_rule_controller,True,0.2123,1,0.2123,0.014
,1,h_s_hear_again,suppression,,DOC_14:S1,1,1,,,False,2.5,new_request,0,RETRIEVE,,1,0,True,1,1,new_request,,,0,1,1,115.28,0,1,-0.0257,0.02,0,12.13,data classes,0,1,46.94,ablation_rule_controller,True,0.1892,0,0.1893,0.0018
,2,h_s_hear_again,suppression,,,0,0,,,False,3.3,presentation,0,RETRIEVE,,0,0,False,2,1,new_request,,,0,0,0,122.58,1,1,-0.0168,0.03,0,16.49,hear that one more time,0,0,44.36,ablation_rule_controller,True,0.185,1,0.185,0.0088
,0,h_chitchat_thanks,chitchat,,,0,,,,False,2.1,chitchat,0,SUPPRESS,,0,0,False,2,0,chitchat,,,0,0,0,0,0,0,,0,0,0,,0,,0.0,ablation_rule_controller,True,0.0001,0,0.0002,0.0024
,1,h_chitchat_morning,chitchat,,,0,0,,,False,2.5,chitchat,0,RETRIEVE,,0,0,False,2,1,new_request,,,0,0,0,77.21,0,1,-0.0103,0.02,0,10.12,Morning How's your day going,0,0,49.49,ablation_rule_controller,True,0.1382,0,0.1382,0.0015
,1,h_presentation_no_prior,suppression,,,0,0,,,False,3.3,presentation,0,RETRIEVE,,0,0,False,2,1,new_request,,,0,0,0,119.74,0,1,-0.0155,0.03,0,15.23,Turn your previous reply into a table,0,0,77.95,ablation_rule_controller,True,0.2143,0,0.2143,0.0108
,1,h_switch_visitors,topic_switch,,DOC_11:S2 DOC_11:S1,1,2,,,False,3.3,new_request,0,RETRIEVE,,1,0,True,1,1,new_request,,,0,1,1,156.95,0,1,-0.0251,0.04,0,9.63,much sick leave do I get,0,2,50.49,ablation_rule_controller,True,0.2338,0,0.2338,0.01
,2,h_switch_visitors,topic_switch,,DOC_16:S1 DOC_16:S2,1,2,,1,False,3.7,new_request,0,RETRIEVE,,1,0,True,2,1,new_request,False,,0,1,1,165.88,1,1,-0.0137,0.02,0,13.41,Different question how early must visitors be registered,0,2,54.07,ablation_rule_controller,True,0.235,1,0.235,0.0111
,1,h_switch_laptops,topic_switch,,DOC_07:S1 DOC_03:S4,1,2,,,True,3.7,new_request,0,RETRIEVE,0,1,0,True,1,1,new_request,,,1,1,1,121.37,0,1,0.7387,0.03,1,13.64,food vendors can we book in Pune,0,2,91.31,ablation_rule_controller,True,0.1132,0,0.1133,0.0122
,2,h_switch_laptops,topic_switch,,,0,0,,1,True,4.5,new_request,0,RETRIEVE,1,1,0,True,2,1,new_request,False,,1,1,1,89.93,0,1,0.7935,0.04,1,11.84,Unrelated after how many years do we get new computers,0,0,0.01,ablation_rule_controller,True,0.0009,1,0.0009,0.0138
True,1,h_i_salary,insufficient,,,0,0,,,False,2.5,new_request,0,RETRIEVE,,0,0,True,2,1,new_request,,,0,0,0,151.79,0,1,-0.0129,0.03,0,12.48,annual salary increment,0,0,42.57,ablation_rule_controller,True,0.208,0,0.208,0.0151
True,1,h_i_coffee,insufficient,,,0,0,,,True,3.7,new_request,0,RETRIEVE,1,0,0,True,2,1,new_request,,,1,0,0,113.86,0,1,0.3845,0.05,1,13.65,free coffee in the Pune office,0,0,0.01,ablation_rule_controller,True,0.0013,0,0.0013,0.0156
True,1,h_i_domestic_meals,insufficient,,,0,0,,,True,3.7,new_request,0,RETRIEVE,1,0,0,True,2,1,new_request,,,1,0,0,156.31,0,1,0.3047,0.04,1,15.8,meal allowance for domestic trips,0,0,85.04,ablation_rule_controller,True,0.0864,0,0.0864,0.0039
True,1,h_i_events_head,insufficient,,,0,0,,,True,3.7,new_request,0,RETRIEVE,1,0,0,True,2,1,new_request,,,1,0,0,118.1,0,1,0.379,0.04,1,15.49,head of the Events desk,0,0,0.02,ablation_rule_controller,True,0.0015,0,0.0015,0.0159
False,1,h_i_baner_parking,insufficient,,DOC_03:S3,0,1,,,True,4.1,new_request,0,RETRIEVE,1,0,0,True,2,1,new_request,,,1,0,0,131.06,0,1,0.4629,0.03,1,12.81,many parking spots does Baner Conference Centre have,0,1,0.11,ablation_rule_controller,True,0.0016,0,0.0016,0.0053
